id,smiles,exactmass,rotatablebondcount,logp,formalcharge,acceptorcount,donorcount,polarsurfacearea,error
CHEMBL606359,COc1ccc2nc(C3CC3)c(/C=C/[C@@H]3C[C@@H](O)CC(=O)O3)c(Sc3ccc(F)cc3)c2c1,465.141007,6,5.4908,0,6,1,68.65,
CHEMBL2111271,Cc1cc(-c2ccc(F)cc2)c(/C=C/[C@@H]2C[C@@H](O)CC(=O)O2)c(C)n1,341.142722,3,3.58424,0,4,1,59.42,
CHEMBL448462,CCCCCCCCC#CC#CC(O)CCCCC(=O)O,292.203845,11,3.7497,0,2,2,57.53,
CHEMBL101600,CCC(C)(C)C(=O)NC(c1cc(C)cc(C)c1OCC(O)C[C@@H](O)CC(=O)[O-])C1CCCCC1.[Na+],499.290982,12,0.11194,0,6,3,118.92,
CHEMBL5266489,CC(C)OP(=O)(OC(C)C)C(Cc1cc(C(C)(C)C)nc2ccccc12)P(=O)(OC(C)C)OC(C)C,541.272211,12,8.4871,0,7,0,83.95,
CHEMBL133834,CC(C)CCC[C@@H](C)[C@H]1CC[C@@]2(C(C)O)C3=CCC4C(C)(C)[C@@H](O)CC[C@]4(C)C3CC[C@]12C,458.412381,6,7.7758,0,2,2,40.46,
CHEMBL482601,CCCCCCCCC#C/C=C\CCCCCC(=O)O,278.22458,12,5.3317,0,1,1,37.3,
CHEMBL482803,CCCCCCCCC#C/C=C/CCCCCC(=O)O,278.22458,12,5.3317,0,1,1,37.3,
CHEMBL321713,O=C([O-])C[C@H](O)CC(O)COc1c(Cl)cc(Cl)cc1C(F)(F)C1CCCCC1.[Na+],462.07883,9,0.3002,0,5,2,89.82,
CHEMBL594578,COc1ccc2nc(C3CC3)c(/C=C/[C@@H]3C[C@@H](O)CC(=O)O3)c(Sc3ccc(C(C)C)cc3)c2c1,489.197379,7,6.4751,0,6,1,68.65,
CHEMBL146964,CCC[C@@H]1CCC[C@H](/C=C/[C@@H](O)C[C@@H](O)CC(=O)O)[C@H]1COC(=O)C(C)(C)CC,412.282489,12,3.9412,0,5,3,104.06,
CHEMBL5410416,CNCCCCCn1cncc1-c1ncc(-c2ccc3ccccc3c2)n1CC1CCCCC1,455.304896,10,6.5368,0,5,1,47.67,
CHEMBL1729,COc1cc(N)c(Cl)cc1C(=O)NC1CCN(CCCOc2ccc(F)cc2)CC1OC,465.183062,9,3.3581,0,6,2,86.05,
CHEMBL605514,CC(C)c1ccc(Sc2c(/C=C/[C@@H]3C[C@@H](O)CC(=O)O3)c(C3CC3)nc3ccccc23)cc1,459.186815,6,6.4665,0,5,1,59.42,
CHEMBL410639,CC(C)C[C@H](NC(=O)CN)C(=O)N1CCC[C@H]1C(=O)N[C@@H](CCC(=O)O)C(=O)NCC(=O)NCC(=O)O,528.254377,15,-2.8664,0,8,7,237.33,
CHEMBL261334,CC(C)C[C@H](NC(=O)CN)C(=O)N1CCC[C@H]1C(=O)N[C@H](C(=O)NCC(=O)NCC(=O)O)[C@@H](C)O,500.259462,13,-3.3504,0,8,7,220.26,
CHEMBL5275694,CC(C)(C)c1cc(CC(P(=O)(OCC2CC2)OCC2CC2)P(=O)(OCC2CC2)OCC2CC2)cc(C(C)(C)C)n1,595.319162,16,8.6378,0,7,0,83.95,
CHEMBL101831,CC(C)c1cc(SC(C)(C)Sc2cc(-c3ccc(F)cc3)c(OCC(O)C[C@@H](O)CC(=O)[O-])c(C(C)C)c2)cc(-c2ccc(F)cc2)c1[O-].[Na+].[Na+],754.218626,15,1.8784,0,8,2,112.88,
CHEMBL1164157,NCC(=O)N[C@@H](Cc1ccc(F)cc1)C(=O)N1CCC[C@H]1C(=O)N[C@@H](CC(=O)O)C(=O)NCC(=O)NCC(=O)O,566.213655,14,-2.9208,0,8,7,237.33,
CHEMBL258583,CC(C)[C@H](NC(=O)[C@@H](N)Cc1ccc(F)cc1)C(=O)N[C@@H](C)C(=O)N[C@@H](CCC(=O)O)C(=O)O,482.217678,13,-0.2248,0,6,6,187.92,
CHEMBL5290996,CC(C)OP(=O)(OC(C)C)C(Cc1cc(C(C)(C)C)nc(C23CC4CC(CC(C4)C2)C3)c1)P(=O)(OC(C)C)OC(C)C,625.366112,13,9.8017,0,7,0,83.95,
CHEMBL1163198,CC[C@H](C)[C@H](N)C(=O)N[C@@H](C)C(=O)N[C@H](C(=O)N1CCC[C@H]1C(=O)N[C@H](C(=O)NCC(=O)N[C@H](C(=O)N[C@@H](C)C(=O)O)C(C)C)[C@@H](C)O)C(C)C,726.42759,19,-2.2918,0,10,9,278.46,
CHEMBL5287357,CC[C@H](C)[C@H](NC(=O)[C@@H](N)CC(C)C)C(=O)N[C@@H](CC(C)C)C(=O)N1CCC[C@H]1C(=O)N[C@@H](CCCCN)C(=O)N[C@@H](Cc1c[nH]cn1)C(=O)N[C@@H](CO)C(=O)N[C@@H](C)C(=O)N[C@@H](CC(=O)O)C(=O)O,992.56548,31,-2.4971,0,14,13,399.56,
CHEMBL504781,CCCCCCCCC#CC#C/C=C\CCCC(=O)O,274.19328,10,4.5549,0,1,1,37.3,
CHEMBL11891,O=C([O-])C[C@H](O)C[C@H](O)/C=C/C(=C(c1ccc(F)cc1)c1ccc(F)cc1)n1cnnn1.[Na+],464.127206,9,-1.82,0,8,2,124.19,
CHEMBL595984,CC(C)c1ccc(Sc2c(/C=C/[C@@H]3C[C@@H](O)CC(=O)O3)c(C3CC3)nc3cc(F)c(F)cc23)cc1,495.167971,6,6.7447,0,5,1,59.42,
CHEMBL593686,O=C1C[C@H](O)C[C@@H](/C=C/c2c(C3CC3)nc3cc(Sc4ccc(F)cc4)c(F)cc3c2Sc2ccc(F)cc2)O1,579.11497,7,7.9116,0,6,1,59.42,
CHEMBL101824,Cc1cc(C)c(OCC2C[C@@H](O)CC(=O)O2)c(C(Cl)C2CCCCC2)c1,380.175437,5,4.60894,0,4,1,55.76,
CHEMBL595754,COc1cccc(Sc2c(/C=C/[C@@H]3C[C@@H](O)CC(=O)O3)c(C3CC3)nc3cc(F)c(F)cc23)c1,483.131586,6,5.6299,0,6,1,68.65,
CHEMBL608986,COc1cccc(Sc2cc3nc(C4CC4)c(/C=C/[C@@H]4C[C@@H](O)CC(=O)O4)c(Sc4cccc(OC)c4)c3cc2F)c1,603.154943,9,7.6506,0,8,1,77.88,
CHEMBL5427455,CNCCCCCn1c(-c2ncc(-c3ccc4ccccc4c3)n2CC2CCCCC2)cnc1I,581.201544,10,7.1414,0,5,1,47.67,
CHEMBL5280701,CC(C)OP(=O)(OC(C)C)C(Cc1cc(C23CC4CC(CC(C4)C2)C3)nc(C23CC4CC(CC(C4)C2)C3)c1)P(=O)(OC(C)C)OC(C)C,703.413062,14,10.972,0,7,0,83.95,
CHEMBL258999,C[C@@H](O)[C@H](NC(=O)[C@@H]1CCCN1C(=O)[C@H](Cc1ccccc1)NC(=O)CN)C(=O)NCC(=O)NCC(=O)O,534.243812,13,-3.1538,0,8,7,220.26,
CHEMBL102112,Cc1nc2ccccc2c(-c2ccccc2)c1OCC(O)C[C@@H](O)CC(=O)[O-].[Na+],403.139567,8,-1.15508,0,6,2,102.71,
CHEMBL5218794,Cc1ncsc1-c1ccc(CNC(=O)[C@@H]2C[C@@H](O)CN2C(=O)[C@H](NC(=O)CCCCCCCCCCNC(=O)OC2C[C@@H](C)C=C3C=C[C@H](C)[C@H](CC[C@@H]4C[C@@H](O)CC(=O)O4)[C@H]32)C(C)(C)C)cc1,959.5442,21,8.08432,0,11,5,196.49,
CHEMBL485858,CCCCCCCCC#CC#CCCCCCC(=O)O,276.20893,11,4.7789,0,1,1,37.3,
CHEMBL606813,O=C1C[C@H](O)C[C@@H](/C=C/c2c(C3CC3)nc3ccc(F)cc3c2Sc2ccc(F)cc2)O1,453.121021,5,5.6213,0,5,1,59.42,
CHEMBL115307,CC[C@H](C)C(=O)O[C@H]1C[C@H](O)C[C@@H]2C=C[C@H](C)[C@H](CCC3C[C@@H](O)CC(=O)O3)[C@@H]12,408.251189,6,3.0002,0,6,2,93.06,
CHEMBL506247,O=C(OC[C@H]1O[C@@H](OC(=O)c2cc(O)c(O)c(OC(=O)c3cc(O)c(O)c(O)c3)c2)[C@H](OC(=O)c2cc(O)c(O)c(OC(=O)c3cc(O)c(O)c(O)c3)c2)[C@@H](OC(=O)c2cc(O)c(O)c(OC(=O)c3cc(O)c(O)c(O)c3)c2)[C@@H]1OC(=O)c1cc(O)c(O)c(OC(=O)c2cc(O)c(O)c(O)c2)c1)c1cc(O)c(O)c(OC(=O)c2cc(O)c(O)c(O)c2)c1,1700.172974,21,4.8381,0,46,25,777.98,
CHEMBL4062898,CC(C)OP(=O)(OC(C)C)C(=Cc1cc(C(C)(C)C)c(O)c(C(C)(C)C)c1)P(=O)(OC(C)C)OC(C)C,560.303177,11,9.3718,0,7,1,91.29,
CHEMBL486985,CC1=CCC[C@@H]2[C@@](C)(CCC3=CC(=O)O[C@@H]3O)[C@H](C)CC[C@@]12C,318.219495,3,4.367,0,3,1,46.53,
CHEMBL5277572,CC(C)OP(=O)(OC(C)C)C(Cc1cc(C2CCCCC2)nc(C2CCCCC2)c1)P(=O)(OC(C)C)OC(C)C,599.350462,14,10.1318,0,7,0,83.95,
CHEMBL2393053,CC(C)=C[C@H]1C[C@H](C)[C@]2(CC[C@]3(C)C[C@@H]4C(C)=CC(=O)[C@H]4/C(C=O)=C\C[C@H]32)O1,382.250795,2,5.2132,0,3,0,43.37,
CHEMBL103139,Cc1c(OCC(O)C[C@@H](O)CC(=O)[O-])c(-c2ccc(F)cc2)nc2ccccc12.[Na+],421.130145,8,-1.01598,0,6,2,102.71,
CHEMBL411443,CC(C)[C@H](NC(=O)[C@@H](N)Cc1ccc(O)cc1)C(=O)N[C@@H](C)C(=O)N[C@@H](CCC(=O)O)C(=O)O,480.222014,13,-0.6583,0,7,7,208.15,
CHEMBL595988,O=C1C[C@H](O)C[C@@H](/C=C/c2c(C3CC3)nc3ccccc3c2Sc2ccc(F)cc2)O1,435.130443,5,5.4822,0,5,1,59.42,
CHEMBL323880,CC[C@H](C)C(=O)O[C@H]1C[C@H](O)C[C@@H]2C=C[C@H](C)[C@H](CC[C@H](O)C[C@H](O)CC(=O)[O-])[C@@H]12.[Na+],448.243698,10,-1.8104,0,7,3,127.12,
CHEMBL149702,CCC[C@@H]1CCC[C@H](CC[C@@H](O)C[C@@H](O)CC(=O)O)[C@H]1COC(=O)C(C)(C)CC,414.298139,13,4.1652,0,5,3,104.06,
CHEMBL5278854,CC(C)C[C@H](NC(=O)[C@H](Cc1ccc(O)cc1)NC(=O)[C@@H](N)CC(C)C)C(=O)N1CCC[C@H]1C(=O)N[C@@H](CCCCN)C(=O)N[C@@H](Cc1c[nH]cn1)C(=O)N[C@@H](CO)C(=O)N[C@@H](CC(=O)O)C(=O)N[C@@H](CCCNC(=N)N)C(=O)N[C@@H](CC(=O)O)C(=O)O,1242.635685,39,-4.39203,0,18,19,548.09,
CHEMBL261622,NCC(=O)N[C@@H](Cc1ccccc1)C(=O)N1CCC[C@H]1C(=O)N[C@@H](CC(=O)O)C(=O)NCC(=O)NCC(=O)O,548.223077,14,-3.0599,0,8,7,237.33,
CHEMBL1163145,CC(C)[C@H](NC(=O)[C@H](Cc1ccc(O)cc1)NC(=O)[C@H](Cc1ccccc1)NC(=O)[C@@H](N)Cc1ccccc1)C(=O)N[C@@H](C)C(=O)N[C@@H](CCC(=O)O)C(=O)O,774.358842,21,0.7967,0,9,9,266.35,
CHEMBL412060,CC(C)C[C@H](N)C(=O)N1CCC[C@H]1C(=O)N[C@@H](Cc1ccc(O)cc1)C(=O)N1CCC[C@H]1C(=O)O,488.263485,9,0.8595,0,6,4,153.27,
CHEMBL5277547,CC(C)C[C@H](N)C(=O)N1CCC[C@H]1C(=O)N[C@@H](CCCCN)C(=O)N[C@@H](Cc1c[nH]cn1)C(=O)N[C@@H](CO)C(=O)N[C@@H](C)C(=O)N[C@@H](CC(=O)O)C(=O)O,766.397353,23,-3.5589,0,12,11,341.36,
CHEMBL11804,Cn1nnnc1C(/C=C/[C@@H](O)C[C@@H](O)CC(=O)[O-])=C(c1ccc(F)cc1)c1ccc(F)cc1.[Na+],478.142856,9,-1.7405,0,8,2,124.19,
CHEMBL594813,COc1cccc(Sc2c(/C=C/[C@@H]3C[C@@H](O)CC(=O)O3)c(C3CC3)nc3ccc(F)cc23)c1,465.141007,6,5.4908,0,6,1,68.65,
CHEMBL260510,CC[C@H](C)[C@H](N)C(=O)N[C@@H](C)C(=O)N[C@H](C(=O)N1CCC[C@H]1C(=O)NCC(=O)N[C@@H](CCC(=O)O)C(=O)N[C@H](C(=O)N[C@@H](C)C(=O)O)C(C)C)C(C)C,754.422505,21,-1.8078,0,10,9,295.53,
CHEMBL102199,Cc1c(OCC(O)C[C@@H](O)CC(=O)[O-])c(C(c2ccc(F)cc2)c2ccc(F)cc2)cc2ccccc12.[Na+],528.172425,10,1.24132,0,5,2,89.82,
CHEMBL147231,CCC(C)(C)C(=O)OC[C@H]1CCCC[C@@H]1CCC(O)C[C@@H](O)CC(=O)O,372.251189,11,3.139,0,5,3,104.06,
CHEMBL5418494,CNCCCCCn1c(-c2ncc(-c3ccc4ccccc4c3)n2CCCC(C)(C)C)cnc1I,583.217194,11,7.3874,0,5,1,47.67,
CHEMBL1165259,CC(C)[C@H](NC(=O)[C@H](Cc1ccc(O)cc1)NC(=O)[C@@H]1CCCN1C(=O)[C@@H](N)Cc1ccccc1)C(=O)N[C@@H](C)C(=O)N[C@@H](CCC(=O)O)C(=O)O,724.343192,18,0.0602,0,9,8,257.56,
CHEMBL482804,CCCCCCCCC#CCCCCCCCC(=O)O,280.24023,13,5.5557,0,1,1,37.3,
CHEMBL1237061,O=C([O-])C[C@H](O)C[C@H](O)/C=C/c1c(C2CC2)nc2ccccc2c1-c1ccc(F)cc1.O=C([O-])C[C@H](O)C[C@H](O)/C=C/c1c(C2CC2)nc2ccccc2c1-c1ccc(F)cc1.[Ca+2],880.284814,16,5.986,0,10,4,186.96,
CHEMBL2368201,O=C1C[C@H](O)C[C@@H](/C=C/c2c(-c3ccc(F)cc3)cc(-c3ccccc3)nc2C2CCCCC2)O1,471.220972,5,6.6821,0,4,1,59.42,
CHEMBL276717,Cc1nnnn1C(/C=C/[C@@H](O)C[C@@H](O)CC(=O)[O-])=C(c1ccc(F)cc1)c1ccc(F)cc1.[Na+],478.142856,9,-1.51158,0,8,2,124.19,
CHEMBL4781362,CC(C)OP(=O)(OC(C)C)C(Cc1cc(N=[N+]=[N-])cc(C(C)(C)C)c1)P(=O)(OC(C)C)OC(C)C,531.262709,13,8.8807,0,7,0,119.82,
CHEMBL5289887,CCCCOP(=O)(OCCCC)C(Cc1cc(C(C)(C)C)nc(C(C)(C)C)c1)P(=O)(OCCCC)OCCCC,603.381762,20,10.1982,0,7,0,83.95,
CHEMBL412295,CC(C)C[C@H](NC(=O)CN)C(=O)N1CCC[C@H]1C(=O)N[C@@H](CC(=O)O)C(=O)NCC(=O)NCC(=O)O,514.238727,14,-3.2565,0,8,7,237.33,
CHEMBL2203595,C/C(=C\CC[C@@H](C)[C@H]1C[C@H](O)[C@@]2(C)C3=CC[C@H]4C(C)(C)C(=O)CC[C@]4(C)C3=CC[C@]12C)C(=O)O,468.32396,5,6.4988,0,3,2,74.6,
CHEMBL3986260,CC[C@H](C)C(=O)O[C@H]1C[C@@H](C)[C@H](O)C2=C[C@@H](O)[C@H](C)[C@H](CC[C@@H]3CC=CC(=O)O3)[C@H]21,420.251189,6,3.1663,0,6,2,93.06,
CHEMBL261748,CC[C@H](C)[C@H](N)C(=O)N[C@H](C(=O)N[C@@H](C)C(=O)N[C@@H](CCC(=O)O)C(=O)O)C(C)C,430.242749,13,-0.5605,0,6,6,187.92,
CHEMBL4760244,CCOP(=O)(OCC)C(Cc1cc(C(C)(C)C)c(O)c(C(C)(C)C)c1)P(=O)(OCC)OCC,506.256227,12,7.388,0,7,1,91.29,
CHEMBL501307,CCCCC#CC#CCCCCCC(=O)O,220.14633,7,3.2185,0,1,1,37.3,
CHEMBL2111238,Cc1nc(-c2ccccc2)cc(-c2ccc(F)cc2)c1/C=C\[C@@H]1C[C@@H](O)CC(=O)O1,403.158372,4,4.94282,0,4,1,59.42,
CHEMBL5597939,CC(C)=C[C@H]1C[C@H](C)[C@]2(CC[C@]3(C)C[C@@H]4C(=O)C=C5C4=C(CC[C@H]32)C(=O)N5CCO)O1,425.256609,3,3.9305,0,4,1,66.84,
CHEMBL4764757,CC(C)OP(=O)(OC(C)C)C(Cc1cc(I)cc(C(C)(C)C)c1)P(=O)(OC(C)C)OC(C)C,616.15796,12,8.5435,0,6,0,71.06,
CHEMBL74667,CC(C)(O)CCCCc1cccc(/C=C/[C@]2(C)CC[C@@H](O)CC2)c1,330.25588,7,5.1247,0,2,2,40.46,
CHEMBL98,O=C(CCCCCCC(=O)Nc1ccccc1)NO,264.147393,8,2.4711,0,3,3,78.43,
CHEMBL259240,CC[C@H](C)[C@H](N)C(=O)N[C@@H](C)C(=O)N[C@H](C(=O)N[C@@H](CCC(=O)O)C(=O)O)C(C)C,430.242749,13,-0.5605,0,6,6,187.92,
CHEMBL1163146,CC(C)[C@H](NC(=O)[C@H](Cc1ccc(F)cc1)NC(=O)CNC(=O)[C@@H](N)Cc1ccccc1)C(=O)N[C@@H](C)C(=O)N[C@@H](CCC(=O)O)C(=O)O,686.307555,19,-0.3811,0,8,8,246.12,
CHEMBL323344,CCC(C)(C)OC(=O)C(c1cc(C)cc(C)c1OCC(O)C[C@@H](O)CC(=O)[O-])C1CCCCC1.[Na+],500.274998,12,0.33384,0,7,2,116.12,
CHEMBL261621,NCC(=O)N[C@@H](Cc1ccccc1)C(=O)N1CCC[C@H]1C(=O)N[C@@H](CCC(=O)O)C(=O)NCC(=O)NCC(=O)O,562.238727,15,-2.6698,0,8,7,237.33,
CHEMBL5414764,CNCCCCCn1cncc1-c1ncc(-c2ccc3ccccc3c2)n1CCCC(C)(C)C,457.320546,11,6.7828,0,5,1,47.67,
CHEMBL317142,CC(C)c1c(OCC(O)C[C@@H](O)CC(=O)[O-])c(C(c2ccc(F)cc2)c2ccc(F)cc2)cc2ccccc12.[Na+],556.203725,11,2.0563,0,5,2,89.82,
CHEMBL483819,CCCCCCCCC#CC#CC1OC1CCCC(=O)O,290.188195,10,3.7661,0,2,1,49.83,
CHEMBL4741940,CCOP(=O)(OCC)C(=Cc1cc(C(C)(C)C)cc(C(C)(C)C)c1)P(=O)(OCC)OCC,488.245662,11,8.1122,0,6,0,71.06,
CHEMBL458767,CCOP(=O)(OCC)C(=Cc1cc(C(C)(C)C)c(O)c(C(C)(C)C)c1)P(=O)(OCC)OCC,504.240577,11,7.8178,0,7,1,91.29,
CHEMBL149701,C[C@H]1C=CC[C@H](COC(=O)C(C)(C)C)[C@H]1CCC(O)CC(O)CC(=O)O,370.235539,9,2.7709,0,5,3,104.06,
CHEMBL409841,CC(C)[C@H](NC(=O)[C@H](C)NC(=O)[C@@H](N)Cc1ccc(O)cc1)C(=O)N[C@@H](CCC(=O)O)C(=O)O,480.222014,13,-0.6583,0,7,7,208.15,
CHEMBL4763395,C#Cc1cc(CC(P(=O)(OC(C)C)OC(C)C)P(=O)(OC(C)C)OC(C)C)cc(C(C)(C)C)c1,514.261312,12,7.9202,0,6,0,71.06,
CHEMBL5276525,CC(C)COP(=O)(OCC(C)C)C(Cc1cc(C(C)(C)C)nc(C(C)(C)C)c1)P(=O)(OCC(C)C)OCC(C)C,603.381762,16,9.6218,0,7,0,83.95,
CHEMBL2203597,C/C(=C\CC[C@@H](C)[C@H]1CC[C@@]2(C)C3=C(CC[C@]12C)[C@@]1(C)CC[C@H](O)C(C)(C)[C@@H]1CC3=O)C(=O)O,470.33961,5,6.7228,0,3,2,74.6,
CHEMBL10,C[S+]([O-])c1ccc(-c2nc(-c3ccc(F)cc3)c(-c3ccncc3)[nH]2)cc1,377.099811,4,4.6822,0,3,1,64.63,
CHEMBL1006,NCCCNCCSP(=O)(O)O,214.0541,7,-0.2493,0,4,4,95.58,
CHEMBL1009,N[C@@H](Cc1ccc(O)c(O)c1)C(=O)O,197.068808,3,0.0522,0,4,4,103.78,
CHEMBL101,CCCCC1C(=O)N(c2ccccc2)N(c2ccccc2)C1=O,308.152478,5,3.7878,0,2,0,40.62,
CHEMBL101168,Nn1nnc2ccccc21,134.059246,0,0.1451,0,4,1,56.73,
CHEMBL1016,CCOc1nc2cccc(C(=O)O)c2n1Cc1ccc(-c2ccccc2-c2nnn[nH]2)cc1,440.159689,7,4.0286,0,7,2,118.81,
CHEMBL1020,Cc1ccc(C(=O)c2ccc(CC(=O)O)n2C)cc1,257.105193,4,2.19162,0,3,1,59.3,
CHEMBL1024,O=P1(NCCCl)OCCCN1CCCl,260.02482,5,1.884,0,2,1,41.57,
CHEMBL103,CC(=O)[C@H]1CC[C@H]2[C@@H]3CCC4=CC(=O)CC[C@]4(C)[C@H]3CC[C@]12C,314.22458,1,4.7235,0,2,0,34.14,
CHEMBL104,Clc1ccccc1C(c1ccccc1)(c1ccccc1)n1ccnc1,344.108026,4,5.3767,0,2,0,17.82,
CHEMBL1042,C=C1CC[C@H](O)C/C1=C/C=C1\CCC[C@]2(C)[C@@H]([C@H](C)CCCC(C)C)CC[C@@H]12,384.339216,6,7.619,0,1,1,20.23,
CHEMBL1046,NCCCCCC(=O)O,131.094629,5,0.5901,0,2,2,63.32,
CHEMBL105,CO[C@@]12[C@H](COC(N)=O)C3=C(C(=O)C(C)=C(N)C3=O)N1C[C@@H]1N[C@@H]12,334.12772,3,-1.6512,0,8,3,146.89,
CHEMBL1054,NS(=O)(=O)c1cc2c(cc1Cl)NC(C(Cl)Cl)NS2(=O)=O,378.902181,2,0.821,0,5,3,118.36,
CHEMBL1055,NS(=O)(=O)c1cc(C2(O)NC(=O)c3ccccc32)ccc1Cl,338.012806,2,0.9242,0,4,3,109.49,
CHEMBL1057,O=C1OC2(c3ccc(O)cc3Oc3cc(O)ccc32)c2ccccc21,332.068473,0,3.6658,0,5,2,75.99,
CHEMBL106,OC(Cn1cncn1)(Cn1cncn1)c1ccc(F)cc1F,306.104065,5,0.7358,0,7,1,81.65,
CHEMBL1062,CC(=O)[C@@]1(O)CC[C@H]2[C@@H]3CCC4=CC(=O)CC[C@]4(C)[C@H]3CC[C@@]21C,330.219495,1,3.8384,0,3,1,54.37,
CHEMBL1065,CC[C@@H](CO)NC(=O)[C@@H]1C=C2c3cccc4c3c(cn4C)C[C@H]2N(C)C1,353.210327,4,1.9351,0,4,2,57.5,
CHEMBL1068,NC(=O)N1c2ccccc2CC(=O)c2ccccc21,252.089878,0,2.6422,0,2,1,63.4,
CHEMBL1069,CCCCC(=O)N(Cc1ccc(-c2ccccc2-c2nnn[nH]2)cc1)[C@H](C(=O)O)C(C)C,435.22704,10,4.1617,0,5,2,112.07,
CHEMBL107,COc1cc2c(c(OC)c1OC)-c1ccc(OC)c(=O)cc1[C@@H](NC(C)=O)CC2,399.168188,5,2.8716,0,6,1,83.09,
CHEMBL1070,COc1ccc2cc(CCC(C)=O)ccc2c1,228.11503,4,3.37,0,2,0,26.3,
CHEMBL1071,O=C(O)CCc1nc(-c2ccccc2)c(-c2ccccc2)o1,293.105193,5,4.0258,0,3,1,63.33,
CHEMBL1073,Cc1cnc(C(=O)NCCc2ccc(S(=O)(=O)NC(=O)NC3CCCCC3)cc2)cn1,445.178375,7,2.07812,0,6,3,130.15,
CHEMBL1076211,Cc1ccc(C(=O)C(C)CN2CCCCC2)cc1,245.177964,4,3.29972,0,2,0,20.31,
CHEMBL1077,Nc1c(CC(=O)O)cccc1C(=O)c1ccc(Br)cc1,333.000055,4,2.8894,0,3,2,80.39,
CHEMBL108,NC(=O)N1c2ccccc2C=Cc2ccccc21,236.094963,0,3.3872,0,1,1,46.33,
CHEMBL1082,CC1(C)S[C@@H]2[C@H](NC(=O)[C@H](N)c3ccc(O)cc3)C(=O)N2[C@H]1C(=O)O,365.104542,4,0.0237,0,6,4,132.96,
CHEMBL108545,COC(=O)c1ccccc1O,152.047344,1,1.1788,0,3,1,46.53,
CHEMBL1087,Cc1cccc(C)c1NC(=O)C1CCCCN1C,246.173213,2,2.72624,0,2,1,32.34,
CHEMBL1089,NNCCc1ccccc1,136.100048,3,0.6924,0,2,2,38.05,
CHEMBL109,CCCC(CCC)C(=O)O,144.11503,5,2.2874,0,1,1,37.3,
CHEMBL1095699,[N-]=[N+]=CC(=O)OC[C@H](N)C(=O)O,173.043656,4,-1.7579,0,4,2,126.02,
CHEMBL1103,O=C1OCCN1/N=C/c1ccc([N+](=O)[O-])o1,225.03857,3,0.9739,0,6,0,98.18,
CHEMBL1105,COc1ccc2cc(CC(=O)O)ccc2c1,216.078644,3,2.4755,0,2,1,46.53,
CHEMBL110691,CC(=O)O[C@]1(C(C)=O)CC[C@H]2[C@@H]3C=C(Cl)C4=CC(=O)CC[C@]4(C)[C@H]3CC[C@@]21C,404.175437,2,4.7517,0,4,0,60.44,
CHEMBL1108,O=C(CCCN1CC=C(n2c(=O)[nH]c3ccccc32)CC1)c1ccc(F)cc1,379.169605,6,3.6784,0,4,1,58.1,
CHEMBL1109,Nc1ccc(S(=O)(=O)Nc2ccnn2-c2ccccc2)cc1,314.083747,4,2.2553,0,5,2,90.01,
CHEMBL1110,Cc1[nH]cnc1CN1CCc2c(c3ccccc3n2C)C1=O,294.148061,2,2.40832,0,3,1,53.92,
CHEMBL1113,Clc1ccc2c(c1)C(N1CCNCC1)=Nc1ccccc1O2,313.09819,0,3.4292,0,4,1,36.86,
CHEMBL1117,CC(=O)[C@]1(O)Cc2c(O)c3c(c(O)c2[C@@H](O[C@H]2C[C@H](N)[C@H](O)[C@H](C)O2)C1)C(=O)c1ccccc1C3=O,497.168581,3,1.0203,0,10,5,176.61,
CHEMBL112,CC(=O)Nc1ccc(O)cc1,151.063329,1,1.3506,0,2,2,49.33,
CHEMBL1123,CCN(CC)CCOC(=O)C1(C2CCCCC2)CCCCC1,309.266779,7,4.4022,0,3,0,29.54,
CHEMBL113,Cn1c(=O)c2c(ncn2C)n(C)c1=O,194.080376,0,-1.0293,0,6,0,61.82,
CHEMBL1130,C[C@H]1O[C@@H](n2cc(F)c(=O)[nH]c2=O)[C@H](O)[C@@H]1O,246.0652,1,-1.6852,0,6,3,104.55,
CHEMBL114,CC(C)(C)NC(=O)[C@@H]1C[C@@H]2CCCC[C@@H]2CN1C[C@@H](O)[C@H](Cc1ccccc1)NC(=O)[C@H](CC(N)=O)NC(=O)c1ccc2ccccc2n1,670.384269,12,3.0924,0,7,5,166.75,
CHEMBL1140,NC(=O)c1cccnc1,122.048013,1,0.1805,0,2,1,55.98,
CHEMBL1148,Cc1cccc(Nc2ccncc2S(=O)(=O)NC(=O)NC(C)C)c1,348.125611,5,2.52992,0,5,3,100.19,
CHEMBL1149,C[N+](C)(C)C[C@H](O)CC(=O)[O-],161.105193,4,-1.8065,0,3,1,60.36,
CHEMBL115769,COc1cc(N)[nH]c2nc(-c3ccc(F)cc3)c(-c3ccncc3)c1-2,334.122989,3,3.9734,0,4,2,76.82,
CHEMBL1159650,CCC(=O)O[C@]1(C(=O)CCl)[C@@H](C)C[C@H]2[C@@H]3CCC4=CC(=O)C=C[C@]4(C)[C@@]3(F)[C@@H](O)C[C@@]21C,466.19223,4,4.1031,0,5,1,80.67,
CHEMBL116,CC(C)CN(C[C@@H](O)[C@H](Cc1ccccc1)NC(=O)O[C@H]1CCOC1)S(=O)(=O)c1ccc(N)cc1,505.224657,11,2.4028,0,7,3,131.19,
CHEMBL1162,C#C[C@]1(O)CC[C@H]2[C@@H]3CCC4=CC(=O)CC[C@@H]4[C@H]3CC[C@@]21C,298.19328,0,3.4925,0,2,1,37.3,
CHEMBL1163153,CC(C)[C@H](NC(=O)[C@H](Cc1ccc(O)cc1)NC(=O)CNC(=O)[C@H](Cc1ccccc1)NC(=O)[C@@H](N)CC(=O)O)C(=O)N[C@@H](C)C(=O)NCC(=O)O,727.317705,20,-2.0885,0,10,10,295.45,
CHEMBL1165012,NCC(=O)N[C@@H](Cc1ccc(F)cc1)C(=O)N1CCC[C@H]1C(=O)NCC(=O)NCC(=O)NCC(=O)O,508.208175,12,-2.7641,0,7,6,200.03,
CHEMBL1167,CN[C@@H]1[C@H](O)[C@H](NC)[C@H]2O[C@@]3(O)C(=O)C[C@@H](C)O[C@H]3O[C@@H]2[C@H]1O,332.158351,2,-2.9256,0,9,5,129.51,
CHEMBL1168,CCOC(=O)[C@H](CCc1ccccc1)N[C@@H](C)C(=O)N1[C@H](C(=O)O)C[C@@H]2CCC[C@@H]21,416.231122,9,2.3832,0,5,2,95.94,
CHEMBL1169,Nc1ccc(C(=O)O)c(O)c1,153.042593,1,0.6726,0,3,3,83.55,
CHEMBL1172,Clc1ccc2c(c1)CCc1cccnc1C2=C1CCNCC1,310.123676,0,4.0189,0,2,1,24.92,
CHEMBL117405,CC(C)NC[C@H](O)COc1cccc2[nH]ccc12,248.152478,6,1.9056,0,3,3,57.28,
CHEMBL1177,NC1=NC(=O)C(c2ccccc2)O1,176.058577,1,0.5992,0,3,1,64.68,
CHEMBL118,Cc1ccc(-c2cc(C(F)(F)F)nn2-c2ccc(S(N)(=O)=O)cc2)cc1,381.075882,3,3.51392,0,4,1,77.98,
CHEMBL118865,CN(C(=O)Cc1ccc(Cl)c(Cl)c1)C1CCC2(CCCO2)CC1N1CCCC1,424.168434,4,4.5604,0,3,0,32.78,
CHEMBL1191,Cc1nnc(NS(=O)(=O)c2ccc(N)cc2)s1,270.024518,3,1.22952,0,6,2,97.97,
CHEMBL119385,O=c1ncn2nc(Sc3ccc(F)cc3F)ccc2c1-c1c(Cl)cccc1Cl,434.981145,3,5.4927,0,5,0,47.26,
CHEMBL1194,CCCNC(C)C(=O)Nc1ccccc1C,220.157563,5,2.32162,0,2,2,41.13,
CHEMBL119443,C[C@@H](CO)NC(=O)[C@@H]1C=C2c3cccc4[nH]cc(c34)C[C@H]2N(C)C1,325.179027,3,1.5346,0,3,3,68.36,
CHEMBL1196,CCCOc1ccc(C(=O)OCCN(CC)CC)cc1N,294.194343,9,2.5562,0,5,1,64.79,
CHEMBL1198,CCCCOc1ccc(OCCCN2CCOCC2)cc1,293.199094,9,2.9666,0,4,0,30.93,
CHEMBL12,CN1C(=O)CN=C(c2ccccc2)c2cc(Cl)ccc21,284.071641,1,3.1538,0,2,0,32.67,
CHEMBL1200391,NC(CO)(CO)CO,121.073893,3,-2.3392,0,4,4,86.71,
CHEMBL1200396,CCCCN1CCCCC1C(=O)Nc1c(C)cccc1C.Cl,324.196841,5,4.31834,0,2,1,32.34,
CHEMBL1200406,CN(C)CCOC(c1ccccc1)c1ccccc1.Cn1c(=O)c2[nH]c(Cl)nc2n(C)c1=O,469.188067,6,2.9679,0,7,1,85.15,
CHEMBL1200545,CC(=O)OCC(=O)[C@@]1(OC(C)=O)[C@@H](C)C[C@H]2[C@@H]3C[C@H](F)C4=CC(=O)C=C[C@]4(C)[C@@]3(F)[C@@H](O)C[C@@]21C,494.21161,4,2.9853,0,7,1,106.97,
CHEMBL1200558,CC[C@H](C)[C@H](N)C1=N[C@H](C(=O)N[C@@H](CC(C)C)C(=O)N[C@H](CCC(=O)O)C(=O)N[C@H](C(=O)N[C@H]2CCCCNC(=O)[C@H](CC(N)=O)NC(=O)[C@@H](CC(=O)O)NC(=O)[C@H](Cc3cnc[nH]3)NC(=O)[C@@H](Cc3ccccc3)NC(=O)[C@H]([C@@H](C)CC)NC(=O)[C@@H](CCCN)NC2=O)[C@@H](C)CC)CS1,1421.748941,31,-1.6776,0,19,17,530.87,
CHEMBL1200559,CC(O)C(=O)O,90.031694,1,-0.5482,0,2,2,57.53,
CHEMBL1200585,C[C@]12C/C(=C/O)C(=O)C[C@@H]1CC[C@@H]1[C@@H]2CC[C@@]2(C)[C@H]1CC[C@]2(C)O,332.235145,0,4.401,0,3,2,57.53,
CHEMBL1200600,CC(=O)[C@@]1(O)CC[C@H]2[C@@H]3C[C@H](C)C4=CC(=O)C=C[C@]4(C)[C@@]3(F)[C@@H](O)C[C@@]21C,376.204988,1,2.9233,0,4,2,74.6,
CHEMBL1200604,CCN(Cc1ccncc1)C(=O)C(CO)c1ccccc1,284.152478,6,2.2062,0,3,1,53.43,
CHEMBL1200623,CC[C@]1(O)CC[C@H]2[C@@H]3CCC4=CCCC[C@@H]4[C@H]3CC[C@@]21C,288.245316,1,5.0903,0,1,1,20.23,
CHEMBL1200624,C#C[C@]1(OC(C)=O)CC[C@H]2[C@@H]3CCC4=C[C@@H](OC(C)=O)CC[C@@H]4[C@H]3CC[C@@]21C,384.23006,2,4.4259,0,4,0,52.6,
CHEMBL1200629,CC(=O)O[C@H]1C[C@@H]2CC[C@@H]3[C@H](CC[C@@]4(C)[C@H]3C[C@H]([N+]3(C)CCCCC3)[C@@H]4OC(C)=O)[C@@]2(C)C[C@@H]1N1CCCCC1.[Br-],636.35017,4,2.9699,0,5,0,55.84,
CHEMBL1200656,C[C@@H]1C/C=C/C=C/C=C/C=C/[C@H](O[C@@H]2O[C@H](C)[C@@H](O)[C@H](N)[C@@H]2O)C[C@@H]2O[C@](O)(C[C@@H](O)C[C@H]3O[C@@H]3/C=C/C(=O)O1)C[C@H](O)[C@H]2C(=O)O,665.304741,3,0.1197,0,13,7,230.99,
CHEMBL1200679,[Cl-].[Cl-].[Zn+2],133.866848,0,-5.9945,0,0,0,0.0,
CHEMBL1200699,C[C@H]1c2cccc(O)c2C(=O)C2=C(O)[C@]3(O)C(=O)C(C(N)=O)=C(O)[C@@H](N(C)C)[C@@H]3[C@@H](O)[C@@H]21.O,462.16383,2,-1.1723,0,9,6,213.12,
CHEMBL1200748,C[C@@](Cc1ccc(O)c(O)c1)(NN)C(=O)O.O,244.105922,4,-0.8778,0,5,5,147.31,
CHEMBL1200845,CC1(C)O[C@@H]2C[C@H]3[C@@H]4CCC5=CC(=O)CC[C@]5(C)[C@@]4(F)[C@@H](O)C[C@]3(C)[C@]2(C(=O)CCl)O1,454.19223,2,3.8893,0,5,1,72.83,
CHEMBL1200862,C[C@](N)(Cc1ccc(O)cc1)C(=O)O,195.089543,3,0.7367,0,3,3,83.55,
CHEMBL1200993,CC[N+](CC)(CC)CCOc1cccc(OCC[N+](CC)(CC)CC)c1OCC[N+](CC)(CC)CC.[I-].[I-].[I-],891.176887,21,-3.5355,0,3,0,27.69,
CHEMBL1201010,CC(=O)OCC(=O)[C@@]1(O)CC[C@H]2[C@@H]3CCC4=CC(=O)CC[C@]4(C)[C@@]3(F)[C@@H](O)C[C@@]21C,422.210467,3,2.4445,0,6,2,100.9,
CHEMBL1201012,CC1(C)O[C@@H]2C[C@H]3[C@@H]4C[C@H](F)C5=CC(=O)CC[C@]5(C)[C@H]4[C@@H](O)C[C@]3(C)[C@]2(C(=O)CO)O1,436.226117,2,2.4987,0,6,2,93.06,
CHEMBL1201117,COc1ccccc1OCC(O)COC(N)=O,241.095023,6,0.5302,0,5,2,91.01,
CHEMBL1201139,CC(=O)O[C@]1(C(C)=O)CC[C@H]2[C@@H]3C=C(C)C4=CC(=O)CC[C@]4(C)[C@H]3CC[C@@]21C,384.23006,2,4.5753,0,4,0,60.44,
CHEMBL1201146,C#C[C@]1(OC(C)=O)CC[C@H]2[C@@H]3CCC4=CC(=O)CC[C@@H]4[C@H]3CC[C@@]21C,340.203845,1,4.0633,0,3,0,43.37,
CHEMBL1201151,C#C[C@]1(O)CC[C@H]2[C@@H]3CCc4cc(OC)ccc4[C@H]3CC[C@@]21C,310.19328,1,3.9156,0,2,1,29.46,
CHEMBL1201193,CCCCN1CCCC[C@H]1C(=O)Nc1c(C)cccc1C,288.220164,5,3.89654,0,2,1,32.34,
CHEMBL1201195,CO[C@@]1(NC(=O)CSCC#N)C(=O)N2C(C(=O)O)=C(CSc3nnnn3C)CS[C@@H]21,471.04533,9,-0.72832,0,12,2,163.33,
CHEMBL1201203,CN1[C@@H]2CC[C@H]1C[C@@H](OC(c1ccccc1)c1ccccc1)C2,307.193614,4,4.4178,0,2,0,12.47,
CHEMBL1201207,C[C@H]1C[C@H]2[C@@H]3CCC4=CC(=O)C=C[C@]4(C)[C@@]3(F)[C@@H](O)C[C@]2(C)[C@@]1(O)C(=O)COP(=O)(O)O,472.166233,4,2.0127,0,6,4,141.36,
CHEMBL1201216,Cc1ccccc1N1CCN(CCc2nnc3n2CCCC3)CC1,325.226646,4,2.28752,0,5,0,37.19,
CHEMBL1201220,CC(=O)Nc1c(I)c(NC(C)=O)c(I)c(C(=O)O)c1I,613.769651,3,3.1154,0,3,3,95.5,
CHEMBL1201237,CC(C)(C)NC[C@H](O)COc1cccc2c1CCCC2=O,291.183444,5,2.3334,0,4,2,58.56,
CHEMBL1201346,O=C(O)CCNC(=O)c1ccc(/N=N/c2ccc(O)c(C(=O)O)c2)cc1,357.096085,7,2.7103,0,6,4,148.65,
CHEMBL1201353,CN(C)CC[C@@H](c1ccc(Cl)cc1)c1ccccn1,274.123676,5,3.8186,0,2,0,16.13,
CHEMBL1201356,CC[C@@H](CO)NC(=O)[C@@H]1C=C2c3cccc4[nH]cc(c34)C[C@H]2N(C)C1,339.194677,4,1.9247,0,3,3,68.36,
CHEMBL1208572,CC[C@@H](C(=O)[C@@H](C)[C@@H](O)[C@H](C)[C@@H]1O[C@@H]([C@@H](CC)C(=O)O)CC[C@@H]1C)[C@H]1O[C@]2(C=C[C@@H](O)[C@]3(CC[C@@](C)([C@H]4CC[C@](O)(CC)[C@H](C)O4)O3)O2)[C@H](C)C[C@@H]1C,750.491813,12,6.188,0,10,4,161.21,
CHEMBL12089,COc1ccc2cc3[n+](cc2c1OC)CCc1cc2c(cc1-3)OCO2.[Cl-],371.092436,2,0.1003,0,4,0,40.8,
CHEMBL121,CN(CCOc1ccc(CC2SC(=O)NC2=O)cc1)c1ccccn1,357.114712,7,2.4909,0,6,1,71.53,
CHEMBL12131,Cc1cc(C(C#N)c2ccc(Cl)cc2)c(Cl)cc1NC(=O)c1cc(I)cc(I)c1O,661.852179,4,7.1244,0,3,2,73.12,
CHEMBL1214185,CC[C@H]1OC(=O)[C@H](C)[C@@H](O[C@H]2C[C@@](C)(OC)[C@@H](O)[C@H](C)O2)[C@H](C)[C@@H](O[C@@H]2O[C@H](C)C[C@H](N(C)C)[C@H]2O)[C@](C)(O)C[C@@H](C)/C(=N\OCOCCOC)[C@H](C)[C@@H](O)[C@]1(C)O,836.52457,13,2.2096,0,17,5,216.89,
CHEMBL1219,COCCCOc1ccnc(C[S+]([O-])c2nc3ccccc3[nH]2)c1C,359.130363,8,2.98942,0,5,1,83.09,
CHEMBL122,CS(=O)(=O)c1ccc(C2=C(c3ccccc3)C(=O)OC2)cc1,314.06128,3,2.5577,0,4,0,60.44,
CHEMBL1220,CCS(=O)(=O)CCn1c([N+](=O)[O-])cnc1C,247.062677,5,0.53442,0,6,0,95.1,
CHEMBL1221,Clc1ccc(CSC(Cn2ccnc2)c2ccc(Cl)cc2Cl)cc1,396.002153,6,6.518,0,3,0,17.82,
CHEMBL1221512,CC[C@H](C)[C@@H](CO[C@@H](Cc1ccccc1)C(=O)N[C@@H](CCS(C)(=O)=O)C(=O)OC(C)C)NC[C@@H](N)CS,559.274978,18,1.7468,0,9,4,136.82,
CHEMBL1230333,O=C(O)CCCc1cccs1,170.040151,4,2.1554,0,2,1,37.3,
CHEMBL1230813,OC[C@H]1O[C@@H]2O[C@H]3[C@H](O)[C@@H](O)[C@@H](O[C@H]4[C@H](O)[C@@H](O)[C@@H](O[C@H]5[C@H](O)[C@@H](O)[C@@H](O[C@H]6[C@H](O)[C@@H](O)[C@@H](O[C@H]7[C@H](O)[C@@H](O)[C@@H](O[C@H]1[C@H](O)[C@H]2O)O[C@@H]7CO)O[C@@H]6CO)O[C@@H]5CO)O[C@@H]4CO)O[C@@H]3CO,972.316941,6,-13.0548,0,30,18,474.9,
CHEMBL1231,CCN(CC)CC#CCOC(=O)C(O)(c1ccccc1)C1CCCCC1,357.230394,7,3.3429,0,4,1,49.77,
CHEMBL1231107,Nc1nc(N)nc(NC2CC2)n1,166.096694,2,-0.3897,0,6,3,102.74,
CHEMBL1231530,O=C(O)CCNC(=O)c1ccccc1,193.073893,4,0.8911,0,2,2,66.4,
CHEMBL123292,C[C@@H]1C[C@@H]([C@H](O)CC2CC(=O)NC(=O)C2)C(=O)[C@@H](C)C1,281.162708,3,1.0415,0,4,2,83.47,
CHEMBL1235242,N[C@@H](Cc1ccc(F)cc1)C(=O)O,183.069557,3,0.7801,0,2,2,63.32,
CHEMBL1236282,CS(=O)(=O)c1ccc([C@@H](O)[C@@H](CO)NC(=O)C(Cl)Cl)cc1,355.004799,6,0.4043,0,5,3,103.7,
CHEMBL1237,NCCCC[C@H](N[C@@H](CCc1ccccc1)C(=O)O)C(=O)N1CCC[C@H]1C(=O)O,405.226371,12,1.2352,0,5,4,132.96,
CHEMBL1237044,COc1cccc(C2(O)CCCCC2CN(C)C)c1,263.188529,4,2.6346,0,3,1,32.7,
CHEMBL1237174,NN,32.037448,0,-1.1812,0,2,2,52.04,
CHEMBL1243,Nc1ccc(S(=O)(=O)NC(=O)c2ccccc2)cc1,276.056863,3,1.3875,0,4,2,89.26,
CHEMBL1255834,CC(N)Cc1c[nH]c2ccc(OCc3cccs3)cc12,286.113984,5,3.6981,0,3,2,51.04,
CHEMBL1255837,CC(C)[C@@]1(NC(=O)[C@@H]2C[C@@H]3c4cccc5[nH]cc(c45)C[C@H]3N(C)C2)O[C@@]2(O)[C@@H]3CCCN3C(=O)[C@H](Cc3ccccc3)N2C1=O.CS(=O)(=O)O,707.298884,5,2.2212,0,8,4,172.58,
CHEMBL1256017,N=C(N)NCCCCNC(=N)N.O=S(=O)(O)O,270.111024,5,-1.92006,0,4,8,198.4,
CHEMBL1261,O=C(O)CC(O)(CC(=O)O)C(=O)O,192.027003,5,-1.2485,0,4,4,132.13,
CHEMBL1262,Clc1ccc(CO/N=C(\Cn2ccnc2)c2ccc(Cl)cc2Cl)c(Cl)c1,426.981273,6,6.1178,0,4,0,39.41,
CHEMBL127,C[C@@H](O)[C@H]1C(=O)N2C(C(=O)O)=C(S[C@@H]3CN[C@H](C(=O)N(C)C)C3)[C@H](C)[C@H]12,383.151492,5,-0.308,0,6,3,110.18,
CHEMBL127516,CCCCOC(=O)c1ccc(N)cc1,193.110279,4,2.2257,0,3,1,52.32,
CHEMBL1276308,CC#C[C@]1(O)CC[C@H]2[C@@H]3CCC4=CC(=O)CCC4=C3[C@@H](c3ccc(N(C)C)cc3)C[C@@]21C,429.266779,2,5.4065,0,3,1,40.54,
CHEMBL128,CNS(=O)(=O)Cc1ccc2[nH]cc(CCN(C)C)c2c1,295.135448,6,1.3212,0,3,2,65.2,
CHEMBL1282,CC(C)Cn1cnc2c(N)nc3ccccc3c21,240.137497,2,2.8227,0,4,1,56.73,
CHEMBL12856,Nc1cc(-c2ccncc2)c[nH]c1=O,187.074562,1,1.0191,0,3,2,71.77,
CHEMBL1289,Clc1cc(Cl)c(OCC#CI)cc1Cl,359.837246,2,4.4215,0,1,0,9.23,
CHEMBL129,Cc1cn([C@H]2C[C@H](N=[N+]=[N-])[C@@H](CO)O2)c(=O)[nH]c1=O,267.096754,3,-0.19628,0,6,2,133.08,
CHEMBL12948,CC1CCC(NC(=O)N(CCCl)N=O)CC1,247.108754,4,2.4969,0,3,1,61.77,
CHEMBL1297,CC(C(=O)O)c1cccc(Oc2ccccc2)c1,242.094294,4,3.667,0,2,1,46.53,
CHEMBL13,COCCc1ccc(OCC(O)CNC(C)C)cc1,267.183444,9,1.6132,0,4,2,50.72,
CHEMBL130,O=C(N[C@H](CO)[C@H](O)c1ccc([N+](=O)[O-])cc1)C(Cl)Cl,322.012327,6,0.909,0,5,3,112.7,
CHEMBL1308,Cc1cn[nH]c1,82.053098,0,0.71812,0,1,1,28.68,
CHEMBL131,C[C@]12C=CC(=O)C=C1CC[C@@H]1[C@@H]2[C@@H](O)C[C@@]2(C)[C@H]1CC[C@]2(O)C(=O)CO,360.193674,2,1.5576,0,5,3,94.83,
CHEMBL1319362,Br.CN1[C@@H]2CC[C@H]1C[C@@H](OC(=O)C(O)c1ccccc1)C2,355.078306,3,2.4663,0,4,1,49.77,
CHEMBL13209,O=C1CN=C(c2ccccc2)c2cc([N+](=O)[O-])ccc2N1,281.080041,2,2.3843,0,4,1,84.6,
CHEMBL1321,CNNCc1ccc(C(=O)NC(C)C)cc1,221.152812,5,1.0488,0,3,3,53.16,
CHEMBL1321154,O=[N+]([O-])c1cc([As](=O)(O)O)ccc1O,262.941108,2,-1.1386,0,4,3,120.9,
CHEMBL1333512,c1ccc(Nc2ccc(Nc3ccccc3)cc2)cc1,260.131349,4,5.1738,0,2,2,24.06,
CHEMBL13341,CN1C(=O)CN=C(c2ccccc2)c2cc([N+](=O)[O-])ccc21,295.095691,2,2.4086,0,4,0,75.81,
CHEMBL13378,Cc1onc(O)c1CC(N)C(=O)O,186.064057,3,-0.35698,0,5,3,109.58,
CHEMBL134,Clc1cccc(Cl)c1NC1=NCCN1,229.017353,1,2.3645,0,3,2,36.42,
CHEMBL1349,CC(C)[C@H](N)C(=O)OCCOCn1cnc2c(=O)nc(N)[nH]c21,324.154603,7,-0.7976,0,9,3,151.14,
CHEMBL135,C[C@]12CC[C@@H]3c4ccc(O)cc4CC[C@H]3[C@@H]1CC[C@@H]2O,272.17763,0,3.6092,0,2,2,40.46,
CHEMBL1354199,C[N+]1(C)[C@@H]2C[C@@H](OC(=O)[C@H](CO)c3ccccc3)C[C@H]1[C@@H]1O[C@@H]12.[Br-],397.08887,4,-1.9333,0,4,1,59.06,
CHEMBL1355736,Cn1c(=O)c2nc[nH]c2n(C)c1=O.O,198.07529,0,-1.8644,0,5,1,104.18,
CHEMBL1365675,Cc1ccc(/N=C/N(C)/C=N/c2ccc(C)cc2C)c(C)c1,293.189198,4,4.87188,0,2,0,27.96,
CHEMBL137,Cc1ncc([N+](=O)[O-])n1CCO,171.064391,3,0.09202,0,5,1,81.19,
CHEMBL1370,CCCC1O[C@@H]2C[C@H]3[C@@H]4CCC5=CC(=O)C=C[C@]5(C)[C@H]4[C@@H](O)C[C@]3(C)[C@]2(C(=O)CO)O1,430.235539,4,2.7168,0,6,2,93.06,
CHEMBL1370561,Cn1c(=O)c2[nH]cnc2n(C)c1=O.Cn1c(=O)c2[nH]cnc2n(C)c1=O.NCCN,420.198199,1,-3.1756,0,12,4,197.4,
CHEMBL1371,O=c1[nH]c2cc(Cl)ccc2o1,168.993056,0,1.7745,0,2,1,46.0,
CHEMBL1371125,c1ccc2c(c1)c1cccc3ccc4cccc2c4c31,252.0939,0,5.7372,0,0,0,0.0,
CHEMBL1371937,CC(C)(CO)C(O)C(=O)NCCCO,205.131408,6,-1.1356,0,4,4,89.79,
CHEMBL1372,N[C@@H](CCC(=O)N[C@@H](CSSC[C@H](NC(=O)CC[C@H](N)C(=O)O)C(=O)NCC(=O)O)C(=O)NCC(=O)O)C(=O)O,612.151962,21,-3.8768,0,12,10,317.64,
CHEMBL1373,NC(=O)C[S+]([O-])C(c1ccccc1)c1ccccc1,273.08235,5,2.01,0,2,1,66.15,
CHEMBL1381098,S=C=Nc1cccc2ccccc12,185.02992,1,3.5741,0,2,0,12.36,
CHEMBL1384,NC[C@H]1O[C@H](O[C@H]2[C@H](O)[C@@H](O[C@H]3O[C@H](CO)[C@@H](O)[C@H](N)[C@H]3O)[C@H](N)C[C@@H]2N)[C@H](O)[C@@H](O)[C@@H]1O,484.238058,6,-7.2914,0,15,11,282.61,
CHEMBL1385840,CC(C)[C@H]1C(=O)N2CCC[C@H]2[C@]2(O)O[C@](NC(=O)[C@@H]3C=C4c5cccc6[nH]cc(c56)C[C@H]4N(C)C3)(C(C)C)C(=O)N12,561.295119,4,2.0402,0,6,3,118.21,
CHEMBL1388,Oc1ccc(OCc2ccccc2)cc1,200.08373,3,2.9712,0,2,1,29.46,
CHEMBL139,O=C(O)Cc1ccccc1Nc1c(Cl)cccc1Cl,295.016684,4,4.3641,0,2,2,49.33,
CHEMBL1390,CC(=O)[C@@]1(O)CC[C@H]2[C@@H]3C[C@H](C)C4=CC(=O)CC[C@]4(C)[C@H]3CC[C@@]21C,344.235145,1,4.0844,0,3,1,54.37,
CHEMBL1393,CC(=O)S[C@@H]1CC2=CC(=O)CC[C@]2(C)[C@H]2CC[C@@]3(C)[C@@H](CC[C@@]34CCC(=O)O4)[C@H]12,416.202131,1,4.8523,0,5,0,60.44,
CHEMBL1395,C[C@]12CCC(=O)C=C1CC[C@@H]1[C@@H]2CC[C@@]2(C)[C@H]1CC[C@]2(C)O,302.22458,0,4.2693,0,2,1,37.3,
CHEMBL139835,CC(=O)O[C@]1(C(C)=O)CC[C@H]2[C@@H]3C=C(Cl)C4=CC(=O)[C@@H]5C[C@@H]5[C@]4(C)[C@H]3CC[C@@]21C,416.175437,2,4.6076,0,4,0,60.44,
CHEMBL1399,CC(C)(C#N)c1cc(Cn2cncn2)cc(C(C)(C)C#N)c1,293.164046,4,2.92876,0,5,0,78.29,
CHEMBL14,C[N+](C)(C)CCOC(N)=O.[Cl-],182.082205,3,-3.2081,0,2,1,52.32,
CHEMBL1400945,CC(=O)[C@H]1[C@H](C#N)C[C@H]2[C@@H]3CC=C4C[C@@H](O)CC[C@]4(C)[C@H]3CC[C@@]21C,341.235479,1,4.26498,0,3,1,61.09,
CHEMBL1403281,CC(C)C[C@H]1C(=O)N2CCC[C@H]2[C@]2(O)O[C@](NC(=O)[C@@H]3C=C4c5cccc6[nH]cc(c56)C[C@H]4N(C)C3)(C(C)C)C(=O)N12,575.310769,5,2.4303,0,6,3,118.21,
CHEMBL1405,C[C@]12CC[C@@H]3c4ccc(O)cc4CC[C@H]3[C@@H]1CCC2=O,270.16198,0,3.8174,0,2,1,37.3,
CHEMBL14053,O=C(O)C(Cl)(Cl)Cl,161.904212,0,1.4412,0,1,1,37.3,
CHEMBL14060,Oc1ccccc1,94.041865,0,1.3922,0,1,1,20.23,
CHEMBL141,Nc1ccn([C@@H]2CS[C@H](CO)O2)c(=O)n1,229.052112,2,-0.5941,0,7,2,90.37,
CHEMBL1411979,CN(C)CCN(Cc1cccs1)c1ccccn1,261.129969,6,2.7113,0,4,0,19.37,
CHEMBL1413,Cc1cc(C2CCCCC2)n(O)c(=O)c1,207.125929,1,2.44172,0,3,1,42.23,
CHEMBL141343,Cc1c(C)c2c(c(C)c1O)CCC(C)(CN1CCN(c3cc(N4CCCC4)nc(N4CCCC4)n3)CC1)O2,520.352575,5,4.21376,0,8,1,68.2,
CHEMBL1419,CC(C)CC(N(C)C)C1(c2ccc(Cl)cc2)CCC1,279.175378,5,4.738,0,1,0,3.24,
CHEMBL14192,c1ccc(Cn2ccnc2)cc1,158.084398,2,1.9314,0,2,0,17.82,
CHEMBL1425,Sc1ncnc2nc[nH]c12,152.015667,0,0.6416,0,4,2,54.46,
CHEMBL1428,COCCOC(=O)C1=C(C)NC(C)=C(C(=O)OC(C)C)C1c1cccc([N+](=O)[O-])c1,418.174001,8,2.9708,0,8,1,117.0,
CHEMBL1430,CC(C)(S)[C@@H](N)C(=O)O,149.05105,2,0.1067,0,3,3,63.32,
CHEMBL1431,CN(C)C(=N)NC(=N)N,129.101445,0,-1.03416,0,2,4,88.99,
CHEMBL1440,CN(C)[C@@H]1C(O)=C(C(N)=O)C(=O)[C@@]2(O)C(O)=C3C(=O)c4c(O)cccc4[C@@](C)(O)[C@H]3C[C@@H]12,444.153266,2,-0.2144,0,9,6,181.62,
CHEMBL1444,N#Cc1ccc(C(c2ccc(C#N)cc2)n2cncn2)cc1,285.101445,3,2.65916,0,5,0,78.29,
CHEMBL1447,CCC[C@@H]1C[C@@H](C(=O)N[C@@H]([C@H]2O[C@H](SC)[C@H](O)[C@@H](O)[C@H]2O)[C@@H](C)O)N(C)C1,406.213758,7,-0.857,0,8,5,122.49,
CHEMBL1451,C[C@]12C=CC(=O)C=C1CC[C@H]1[C@@H]3C[C@@H](O)[C@](O)(C(=O)CO)[C@@]3(C)C[C@H](O)[C@@]12F,394.179167,2,0.6205,0,6,4,115.06,
CHEMBL1454,c1ccc([C@H]2CN3CCSC3=N2)cc1,204.072119,1,2.1461,0,3,0,15.6,
CHEMBL1454946,COC(=O)Nc1nc2cc(C(=O)c3ccc(F)cc3)ccc2[nH]1,313.086269,3,3.1113,0,4,2,84.08,
CHEMBL1455,CN(C)c1nc(N(C)C)nc(N(C)C)n1,210.159295,3,0.0696,0,6,0,48.39,
CHEMBL1456,COc1c(C)c2c(c(O)c1C/C=C(\C)CCC(=O)OCCN1CCOCC1)C(=O)OC2,433.210052,9,2.52402,0,8,1,94.53,
CHEMBL1460,O=c1[nH]cnc2c1ncn2[C@H]1CC[C@@H](CO)O1,236.09094,2,-0.2105,0,6,2,93.03,
CHEMBL1463,Nc1nc(=O)[nH]cc1F,129.03384,0,-0.5088,0,3,2,71.77,
CHEMBL1464,CC(=O)CC(c1ccccc1)c1c(O)c2ccccc2oc1=O,308.104859,4,3.6096,0,4,1,67.51,
CHEMBL1466,O=c1oc2ccccc2c(O)c1Cc1c(O)c2ccccc2oc1=O,336.063388,2,2.9014,0,6,2,100.88,
CHEMBL1467,Oc1ncnc2[nH]ncc12,136.038511,0,0.0585,0,4,2,74.69,
CHEMBL1475,Cc1cc2cc3c(C)cc(=O)oc3c(C)c2o1,228.078644,0,3.46446,0,3,0,43.35,
CHEMBL1479,C#C[C@]1(O)CC[C@H]2[C@@H]3CCC4=Cc5oncc5C[C@]4(C)[C@H]3CC[C@@]21C,337.204179,0,4.221,0,3,1,46.26,
CHEMBL1480,CCOC(=O)C1=C(C)NC(C)=C(C(=O)OC)C1c1cccc(Cl)c1Cl,383.069113,4,3.9643,0,5,1,64.63,
CHEMBL1480987,CC1CC(OC(=O)C(O)c2ccccc2)CC(C)(C)C1,276.172545,3,3.478,0,3,1,46.53,
CHEMBL1481,CCC1=C(C)CN(C(=O)NCCc2ccc(S(=O)(=O)NC(=O)N[C@H]3CC[C@H](C)CC3)cc2)C1=O,490.224991,7,3.074,0,5,3,124.68,
CHEMBL1483,CCCSc1ccc2[nH]c(NC(=O)OC)nc2c1,265.088498,4,3.2433,0,4,2,67.01,
CHEMBL1489,Nc1ncn([C@@H]2O[C@H](CO)[C@@H](O)[C@H]2O)c(=O)n1,244.080769,2,-3.168,0,9,4,143.72,
CHEMBL1489254,CC(=O)OCC(COC(C)=O)OC(C)=O,218.079038,5,0.0443,0,6,0,78.9,
CHEMBL1490,OC(CCN1CCCCC1)(c1ccccc1)C1CCCCC1,301.240565,5,4.3305,0,2,1,23.47,
CHEMBL1491,CCOC(=O)C1=C(COCCN)NC(C)=C(C(=O)OC)C1c1ccccc1Cl,408.1452,8,2.2663,0,7,2,99.88,
CHEMBL1493,Cc1c(-c2ccccc2)oc2c(C(=O)OCCN3CCCCC3)cccc2c1=O,391.178358,5,4.41112,0,5,0,59.75,
CHEMBL1499,C[C@]12CCC(=O)C=C1CC[C@@H]1[C@@H]2C(=O)C[C@@]2(C)[C@H]1CC[C@]2(O)C(=O)CO,360.193674,2,1.9898,0,5,2,91.67,
CHEMBL1501,CC(=O)OCC(=O)[C@@]12OC(C)(C)O[C@@H]1C[C@H]1[C@@H]3C[C@H](F)C4=CC(=O)C=C[C@]4(C)[C@@]3(F)[C@@H](O)C[C@@]12C,494.21161,3,2.9376,0,7,1,99.13,
CHEMBL1502,COc1ccnc(C[S+]([O-])c2nc3cc(OC(F)F)ccc3[nH]2)c1OC,383.075133,7,2.8843,0,6,1,92.32,
CHEMBL1503,COc1ccc2[nH]c([S+]([O-])Cc3ncc(C)c(OC)c3C)nc2c1,345.114712,5,2.89974,0,5,1,83.09,
CHEMBL1504,CC1(C)O[C@@H]2C[C@H]3[C@@H]4CCC5=CC(=O)C=C[C@]5(C)[C@@]4(F)[C@@H](O)C[C@]3(C)[C@]2(C(=O)CO)O1,434.210467,2,2.4188,0,6,2,93.06,
CHEMBL1512,CC1(C)O[C@@H]2C[C@H]3[C@@H]4C[C@H](F)C5=CC(=O)C=C[C@]5(C)[C@H]4[C@@H](O)C[C@]3(C)[C@]2(C(=O)CO)O1,434.210467,2,2.2747,0,6,2,93.06,
CHEMBL1513,CCCCC1=NC2(CCCC2)C(=O)N1Cc1ccc(-c2ccccc2-c2nnn[nH]2)cc1,428.23246,7,4.7774,0,5,1,87.13,
CHEMBL1515,Cn1ccnc1S,114.025169,0,0.7088,0,3,1,17.82,
CHEMBL1515611,CC(C)C(Br)C(=O)NC(N)=O,222.00039,2,0.6008,0,2,2,72.19,
CHEMBL1517,CN(C)[C@@H]1C(O)=C(C(N)=O)C(=O)[C@@]2(O)C(O)=C3C(=O)c4c(O)cccc4[C@@](C)(O)[C@H]3[C@H](O)[C@@H]12,460.14818,2,-1.2436,0,10,7,201.85,
CHEMBL1518,CCCc1cc(=O)[nH]c(=S)[nH]1,170.051384,2,1.38499,0,2,2,48.65,
CHEMBL1521,CCN(C(C)=O)c1cccc(-c2ccnc3c(C#N)cnn23)c1,305.12766,3,2.64078,0,5,0,74.29,
CHEMBL15245,COC(=O)[C@@H]1[C@H]2C[C@H]3c4[nH]c5ccccc5c4CCN3C[C@@H]2CC[C@@H]1O,354.194343,1,2.6471,0,4,2,65.56,
CHEMBL1527608,Cn1c(=O)c2c(ncn2CC2OCCO2)n(C)c1=O,266.101505,2,-1.1934,0,8,0,80.28,
CHEMBL153062,CCCCCCCCCc1ccc(O)cc1,220.182715,8,4.6853,0,1,1,20.23,
CHEMBL153479,Nc1c(Br)cc(Br)cc1CN[C@H]1CC[C@H](O)CC1,375.978587,3,3.1869,0,3,3,58.28,
CHEMBL1535,CCN(CCO)CCCC(C)Nc1ccnc2cc(Cl)ccc12,335.17644,9,3.783,0,4,2,48.39,
CHEMBL1536,C=C1CC[C@H](O)C/C1=C/C=C1\CCC[C@]2(C)[C@@H]([C@H](C)/C=C/[C@H](C)C(C)C)CC[C@@H]12,396.339216,5,7.641,0,1,1,20.23,
CHEMBL1537,CC1(C)S[C@@H]2[C@H](NC(=O)[C@H](NC(=O)N3CCNC3=O)c3ccccc3)C(=O)N2[C@H]1C(=O)O,461.136904,5,0.0942,0,6,4,148.15,
CHEMBL1539,COc1ncnc(NS(=O)(=O)c2ccc(N)cc2)c1OC,310.073576,5,0.8768,0,7,2,116.43,
CHEMBL154,COc1ccc2cc([C@H](C)C(=O)O)ccc2c1,230.094294,3,3.0365,0,2,1,46.53,
CHEMBL1540,Nc1nc(O)c2ncn(CCC(CO)CO)c2n1,253.117489,5,-0.895,0,8,4,130.31,
CHEMBL154111,O=C(Oc1ccccc1C(=O)O)c1ccccc1O,258.052823,3,2.3096,0,4,2,83.83,
CHEMBL1542,Cn1cnc([N+](=O)[O-])c1Sc1ncnc2[nH]cnc12,277.038193,3,1.1458,0,8,1,115.42,
CHEMBL1544,N[C@@H](Cc1cc(I)c(Oc2ccc(O)c(I)c2)c(I)c1)C(=O)O,650.790052,5,3.9527,0,4,3,92.78,
CHEMBL15511,CCN1CCN(c2cc3c(cc2F)c(=O)c(C(=O)O)cn3C2CC2)CC1,359.16452,4,2.3156,0,5,1,65.78,
CHEMBL1554,Cc1c2oc3c(C)ccc(C(=O)N[C@@H]4C(=O)N[C@H](C(C)C)C(=O)N5CCC[C@H]5C(=O)N(C)CC(=O)N(C)[C@@H](C(C)C)C(=O)O[C@@H]4C)c3nc-2c(C(=O)N[C@@H]2C(=O)N[C@H](C(C)C)C(=O)N3CCC[C@H]3C(=O)N(C)CC(=O)N(C)[C@@H](C(C)C)C(=O)O[C@@H]2C)c(N)c1=O,1254.628475,8,0.72564,0,18,5,359.98,
CHEMBL1560,C[C@H](CS)C(=O)N1CCC[C@H]1C(=O)O,217.077264,3,0.6279,0,3,2,57.61,
CHEMBL156455,C=C(Cl)Cl,95.953355,0,1.9352,0,0,0,0.0,
CHEMBL1566249,CCOC(=O)OC(C)OC1=C(C(=O)Nc2ccccn2)N(C)S(=O)(=O)c2ccccc21,447.110021,6,2.5587,0,8,1,124.13,
CHEMBL1566956,COc1cc(C(=O)NC2CCCNC2)cc(OC)c1OC,294.157957,5,1.1942,0,5,2,68.82,
CHEMBL1567463,C[N+](C)(C)CCOP(=O)([O-])OC[C@H](O)CO,257.102824,8,-1.4526,0,6,2,99.05,
CHEMBL1568,Nc1nc(F)nc2c1ncn2[C@@H]1O[C@H](CO)[C@@H](O)[C@@H]1O,285.087332,2,-1.8409,0,9,4,139.54,
CHEMBL157101,CC(=O)N1CCN(c2ccc(OCC3COC(Cn4ccnc4)(c4ccc(Cl)cc4Cl)O3)cc2)CC1,530.148761,7,4.2058,0,7,0,69.06,
CHEMBL157138,CCN(CC)C(=O)N[C@H]1C=C2c3cccc4[nH]cc(c34)C[C@H]2N(C)C1,338.210661,3,2.8414,0,2,2,51.37,
CHEMBL1572,CCN[C@@H]1C[C@H](N)[C@@H](O[C@H]2OC(CN)=CC[C@H]2N)[C@H](O)[C@H]1O[C@H]1OC[C@](C)(O)[C@H](NC)[C@H]1O,475.300599,8,-3.2007,0,12,8,199.73,
CHEMBL157548,CN1C[C@@H]2C[C@H]1CN2c1cc2c(cc1F)c(=O)c(C(=O)O)cn2C1CC1,357.14887,3,2.0664,0,5,1,65.78,
CHEMBL15768,CC12CCC(CC1=O)C2(C)C,152.120115,0,2.4017,0,1,0,17.07,
CHEMBL15770,CC1=C(CC(=O)O)c2cc(F)ccc2/C1=C\c1ccc([S+](C)[O-])cc1,356.088244,4,4.3655,0,2,1,60.36,
CHEMBL158,C[C@H]1[C@H](NC(=O)/C(=N\OC(C)(C)C(=O)O)c2csc(N)n2)C(=O)N1S(=O)(=O)O,435.051855,7,-1.1725,0,10,4,201.58,
CHEMBL1586,C[C@H]1C[C@H]2[C@@H]3CCC4=CC(=O)C=C[C@]4(C)[C@@]3(Cl)[C@@H](O)C[C@]2(C)[C@@]1(O)C(=O)CO,408.170352,2,2.165,0,5,3,94.83,
CHEMBL159,CC[C@]1(O)C[C@@H]2CN(CCc3c([nH]c4ccccc34)[C@@](C(=O)OC)(c3cc4c(cc3OC)N(C)[C@H]3[C@@](O)(C(=O)OC)[C@H](OC(C)=O)[C@]5(CC)C=CCN6CC[C@]43[C@@H]65)C2)C1,810.420379,7,3.9909,0,12,3,154.1,
CHEMBL1592,CCOC(=O)[C@H](CCc1ccccc1)N[C@@H](C)C(=O)N1Cc2ccccc2C[C@H]1C(=O)O,438.215472,9,2.5671,0,5,2,95.94,
CHEMBL1598608,CN1C(=O)COc2c(C(=O)NC3CN4CCC3CC4)cc(Cl)cc21,349.119319,2,1.5192,0,4,1,61.88,
CHEMBL16,O=C1NC(=O)C(c2ccccc2)(c2ccccc2)N1,252.089878,2,1.7696,0,2,2,58.2,
CHEMBL160,C/C=C/C[C@@H](C)[C@@H](O)[C@H]1C(=O)N[C@@H](CC)C(=O)N(C)CC(=O)N(C)[C@@H](CC(C)C)C(=O)N[C@@H](C(C)C)C(=O)N(C)[C@@H](CC(C)C)C(=O)N[C@@H](C)C(=O)N[C@H](C)C(=O)N(C)[C@@H](CC(C)C)C(=O)N(C)[C@@H](CC(C)C)C(=O)N(C)[C@@H](C(C)C)C(=O)N1C,1201.841368,15,3.269,0,12,5,278.8,
CHEMBL1601669,C=C1/C(=C\C=C2/CCC[C@]3(C)[C@@H]([C@H](C)CCCC(C)C)CC[C@@H]23)C[C@@H](O)C[C@@H]1O,400.334131,6,6.5898,0,2,2,40.46,
CHEMBL16068,Brc1ccccc1,155.957462,0,2.4491,0,0,0,0.0,
CHEMBL16073,CCOc1ccc(NC(C)=O)cc1,179.094629,3,2.0437,0,2,1,38.33,
CHEMBL16080,CC(Cl)(Cl)Cl,131.930033,0,2.3765,0,0,0,0.0,
CHEMBL1612004,COc1ccccc1N,123.068414,1,1.2774,0,2,1,35.25,
CHEMBL1614641,C[C@H](C(=O)O)c1ccc2oc(-c3ccc(F)cc3)nc2c1,285.080121,3,3.822,0,3,1,63.33,
CHEMBL1618305,C=CCN1CC[C@]23c4c5ccc(O)c4O[C@H]2/C(=N/N=C2\CC[C@@]4(O)[C@H]6Cc7ccc(O)c8c7[C@@]4(CCN6CC=C)[C@H]2O8)CC[C@@]3(O)[C@H]1C5,650.310435,5,3.2752,0,10,4,130.58,
CHEMBL1619,Nc1nc(Cl)nc2c1ncn2[C@H]1C[C@H](O)[C@@H](CO)O1,285.062867,2,-0.2974,0,8,3,119.31,
CHEMBL1626,CN1CCC[C@@H]1CCO[C@](C)(c1ccccc1)c1ccc(Cl)cc1,343.170292,6,5.1044,0,2,0,12.47,
CHEMBL1628227,CN(C)CCC=C1c2ccccc2COc2ccccc21,279.162314,3,3.9624,0,2,0,12.47,
CHEMBL163,CC(C)c1nc(CN(C)C(=O)N[C@H](C(=O)N[C@@H](Cc2ccccc2)C[C@H](O)[C@H](Cc2ccccc2)NC(=O)OCc2cncs2)C(C)C)cs1,720.312761,17,5.9052,0,9,4,145.78,
CHEMBL1630578,C[C@@H]1C[C@H]2[C@@H]3CCC4=CC(=O)C=C[C@]4(C)C3=CC[C@]2(C)[C@H]1C(=O)CN1CCN(c2cc(N3CCCC3)nc(N3CCCC3)n2)CC1,624.415175,6,5.4583,0,8,0,72.88,
CHEMBL1630579,CCN(CC)CCOCCC1=CCC2CC1C2(C)C,265.240565,8,3.7273,0,2,0,12.47,
CHEMBL164290,CCN(CC)N=O,102.079313,3,1.0096,0,2,0,32.67,
CHEMBL1643,NC(=O)c1ncn([C@@H]2O[C@H](CO)[C@@H](O)[C@H]2O)n1,244.080769,3,-3.0115,0,8,4,143.72,
CHEMBL165,Oc1ccc(/C=C/c2cc(O)cc(O)c2)cc1,228.078644,2,2.9738,0,3,3,60.69,
CHEMBL1650,CC(=O)OCC(=O)[C@@]1(O)CC[C@H]2[C@@H]3CCC4=CC(=O)CC[C@]4(C)[C@H]3C(=O)C[C@@]21C,402.204239,3,2.5606,0,6,1,97.74,
CHEMBL165790,CC(C)Oc1ccc2c(=O)c(-c3ccccc3)coc2c1,280.109944,3,4.2472,0,3,0,39.44,
CHEMBL1660,CO[C@H]1/C=C/O[C@@]2(C)Oc3c(C)c(O)c4c(O)c(c(/C=N/N5CCN(C6CCCC6)CC5)c(O)c4c3C2=O)NC(=O)/C(C)=C\C=C\[C@H](C)[C@H](O)[C@@H](C)[C@@H](O)[C@@H](C)[C@H](OC(C)=O)[C@@H]1C,876.452073,5,5.64822,0,15,6,220.15,
CHEMBL1670,Clc1ccc(C(c2ccccc2Cl)C(Cl)Cl)cc1,317.953661,3,5.929,0,0,0,0.0,
CHEMBL1679,Nc1nc(=O)c2c([nH]1)NCC(CNc1ccc(C(=O)N[C@@H](CCC(=O)O)C(=O)O)cc1)N2C=O,473.165896,10,-0.7311,0,9,7,219.84,
CHEMBL167911,COP(=O)(OC)OC=C(Cl)Cl,219.945901,4,2.6804,0,4,0,44.76,
CHEMBL1687,COc1cc2c3cc1Oc1cc(ccc1O)C[C@@H]1c4c(cc(OC)c(O)c4Oc4ccc(cc4)C[C@@H]3N(C)CC2)CC[N+]1(C)C.[Cl-],644.265315,2,3.705,0,7,2,80.62,
CHEMBL1697694,COc1cc2c(c3oc(=O)c4c(c13)CCC4=O)[C@@H]1C=CO[C@@H]1O2,312.063388,1,2.2765,0,6,0,74.97,
CHEMBL1712923,Nc1nc(N)nc(-c2cc(Cl)ccc2Cl)n1.O=C(O)/C=C\C(=O)O,371.018809,3,1.7216,0,7,4,165.31,
CHEMBL1714574,CC(C)N1CCN(c2ccc(OCC3COC(Cn4cncn4)(c4ccc(Cl)cc4Cl)O3)cc2)CC1,531.180395,8,4.4627,0,8,0,64.88,
CHEMBL17157,CC(C)(C)c1ccc(C(O)CCCN2CCC(C(O)(c3ccccc3)c3ccccc3)CC2)cc1,471.31373,8,6.4458,0,3,2,43.7,
CHEMBL1726,COC(=O)C1=C(C)NC(C)=C(C(=O)OCC(C)C)C1c1ccccc1[N+](=O)[O-],388.163436,6,3.2018,0,7,1,107.77,
CHEMBL1727,CC1=C(C(=O)O)N2C(=O)[C@@H](NC(=O)[C@H](N)c3ccccc3)[C@H]2SC1,347.093977,4,0.4449,0,5,3,112.73,
CHEMBL1730,CO/N=C(\C(=O)N[C@@H]1C(=O)N2C(C(=O)O)=C(COC(C)=O)CS[C@H]12)c1csc(N)n1,455.05694,7,-0.6225,0,11,3,173.51,
CHEMBL1732,CN1C[C@H](C(=O)N[C@]2(C)O[C@@]3(O)[C@@H]4CCCN4C(=O)[C@H](Cc4ccccc4)N3C2=O)C[C@@H]2c3cccc4[nH]cc(c34)C[C@H]21,583.279469,4,2.0811,0,6,3,118.21,
CHEMBL174,CC1(C)S[C@@H]2[C@H](NC(=O)[C@H](N)c3ccccc3)C(=O)N2[C@H]1C(=O)O,349.109627,4,0.3181,0,5,3,112.73,
CHEMBL1741,CC[C@H]1OC(=O)[C@H](C)[C@@H](O[C@H]2C[C@@](C)(OC)[C@@H](O)[C@H](C)O2)[C@H](C)[C@@H](O[C@@H]2O[C@H](C)C[C@H](N(C)C)[C@H]2O)[C@](C)(OC)C[C@@H](C)C(=O)[C@H](C)[C@@H](O)[C@]1(C)O,747.476891,8,2.4397,0,14,4,182.91,
CHEMBL1747,NC[C@H]1O[C@H](O[C@H]2[C@H](O)[C@@H](O[C@H]3O[C@H](CO)[C@@H](O)[C@H](N)[C@H]3O)[C@H](N)C[C@@H]2N)[C@H](N)C[C@@H]1O,467.259128,6,-6.2958,0,14,10,268.17,
CHEMBL175,CC(C)Cc1ccc([C@H](C)C(=O)O)cc1,206.13068,4,3.0732,0,1,1,37.3,
CHEMBL1751,C[C@H]1O[C@@H](O[C@H]2[C@@H](O)C[C@H](O[C@H]3[C@@H](O)C[C@H](O[C@H]4CC[C@@]5(C)[C@H](CC[C@@H]6[C@@H]5C[C@@H](O)[C@]5(C)[C@@H](C7=CC(=O)OC7)CC[C@]65O)C4)O[C@@H]3C)O[C@@H]2C)C[C@H](O)[C@@H]1O,780.429607,7,2.2181,0,14,6,203.06,
CHEMBL1752,Cn1c(=O)c2c(ncn2CC(O)CO)n(C)c1=O,254.101505,3,-2.2131,0,8,2,102.28,
CHEMBL1753,CCC[C@@H]1C[C@@H](C(=O)N[C@@H]([C@H]2O[C@H](SC)[C@H](O)[C@@H](O)[C@H]2O)[C@H](C)Cl)N(C)C1,424.179871,7,0.3895,0,7,4,102.26,
CHEMBL1754,CCN1CC(CCN2CCOCC2)C(c2ccccc2)(c2ccccc2)C1=O,378.230728,6,3.1733,0,3,0,32.78,
CHEMBL1760,CC(C)(C)NCC(O)c1cc(O)cc(O)c1,225.136493,3,1.5193,0,4,4,72.72,
CHEMBL1762,Cc1cccc(C)c1NC(=O)C(C)N,192.126263,2,1.58914,0,2,2,55.12,
CHEMBL1766,C[C@@H]1C[C@H]2[C@@H]3CCC4=CC(=O)C=C[C@]4(C)[C@@]3(F)[C@@H](O)C[C@]2(C)[C@H]1C(=O)CO,376.204988,2,2.7808,0,4,2,74.6,
CHEMBL177,NCC[C@H](O)C(=O)N[C@@H]1C[C@H](N)[C@@H](O[C@H]2O[C@H](CN)[C@@H](O)[C@H](O)[C@H]2O)[C@H](O)[C@H]1O[C@H]1O[C@H](CO)[C@@H](O)[C@H](N)[C@H]1O,585.285736,10,-8.4242,0,17,13,331.94,
CHEMBL1771,COC(=O)[C@H](c1ccccc1Cl)N1CCc2sccc2C1,321.059027,3,3.6739,0,4,0,29.54,
CHEMBL178,COc1cccc2c1C(=O)c1c(O)c3c(c(O)c1C2=O)C[C@@](O)(C(C)=O)C[C@@H]3O[C@H]1C[C@H](N)[C@H](O)[C@H](C)O1,527.179146,4,1.0289,0,11,5,185.84,
CHEMBL1790041,CNC(=C[N+](=O)[O-])NCCSCc1ccc(CN(C)C)o1,314.141262,10,1.459,0,7,2,83.58,
CHEMBL181,CC1=Nc2ccc(Cl)cc2S(=O)(=O)N1,229.991676,0,1.6818,0,3,1,58.53,
CHEMBL182,Nc1nc2c(ncn2COC(CO)CO)c(=O)[nH]1,255.096754,5,-1.9709,0,8,4,139.28,
CHEMBL184,Nc1nc2c(ncn2COCCO)c(=O)[nH]1,225.086189,4,-1.3318,0,7,3,119.05,
CHEMBL184618,NC[C@@H]1O[C@H](O[C@H]2[C@@H](O)[C@H](O[C@@H]3[C@@H](O)[C@H](N)C[C@H](N)[C@H]3O[C@H]3O[C@H](CN)[C@@H](O)[C@H](O)[C@H]3N)O[C@@H]2CO)[C@H](N)[C@@H](O)[C@@H]1O,614.312286,9,-8.8953,0,19,13,353.11,
CHEMBL185,O=c1[nH]cc(F)c(=O)[nH]1,130.017856,0,-0.7977,0,2,2,65.72,
CHEMBL18701,CCCCOc1cc(CC2CNC(=O)N2)ccc1OC,278.163043,7,2.098,0,3,2,59.59,
CHEMBL1873703,ClC1=C(Cl)[C@]2(Cl)[C@@H]3[C@@H]4C[C@@H]([C@H]5O[C@@H]45)[C@@H]3[C@@]1(Cl)C2(Cl)Cl,377.870631,0,4.4814,0,1,0,12.53,
CHEMBL18797,CSc1ccc(/C=C2/C(C)=C(CC(=O)O)c3cc(F)ccc32)cc1,340.093329,4,5.35,0,2,1,37.3,
CHEMBL188921,COc1cc(OC)c(C(=O)CCCN2CCCC2)c(OC)c1,307.178358,8,2.7711,0,5,0,48.0,
CHEMBL189,Cc1[nH]c(=O)c(C#N)cc1-c1ccncc1,211.074562,1,1.617,0,3,1,69.54,
CHEMBL189171,COc1ccc2c(c1)c(CC(=O)OCC(=O)O)c(C)n2C(=O)c1ccc(Cl)cc1,415.082265,6,3.47052,0,6,1,94.83,
CHEMBL19019,O=C1CC[C@@]2(O)[C@H]3Cc4ccc(O)c5c4[C@@]2(CCN3CC2CC2)[C@H]1O5,341.162708,2,1.5254,0,5,2,70.0,
CHEMBL1902627,CC(C)NCC(O)c1ccccc1Cl,213.092042,4,2.3714,0,2,2,32.26,
CHEMBL1902981,CCc1ccc(C(=O)C(C)CN2CCCCC2)cc1,259.193614,5,3.5537,0,2,0,20.31,
CHEMBL1908008,CC(C)CCC[C@@H](C)[C@H]1CC[C@H]2[C@@H]3CC=C4C[C@@H](O)CC[C@]4(CO)[C@H]3CC[C@]12C,402.349781,6,6.3611,0,2,2,40.46,
CHEMBL1908355,NC(=O)N1C(=O)/C(=C(\O)c2cccs2)c2cc(Cl)ccc21,320.002241,1,3.2531,0,4,2,83.63,
CHEMBL1908847,C1CCN2C[C@@H]3C[C@@H](CN4CCCC[C@@H]34)[C@H]2C1,234.209599,0,2.3451,0,2,0,6.48,
CHEMBL1909048,O=C(c1ccccc1Cl)N1CCC(Cc2ccccc2)CC1,313.123342,3,4.4349,0,1,0,20.31,
CHEMBL1909049,COc1ccccc1C(=O)N1CCC(Cc2ccccc2)CC1,309.172879,4,3.7901,0,2,0,29.54,
CHEMBL1909050,Cc1ccccc1C(=O)N1CCC(Cc2ccccc2)CC1,293.177964,3,4.08992,0,1,0,20.31,
CHEMBL1909051,O=C(c1ccccc1C(F)(F)F)N1CCC(Cc2ccccc2)CC1,347.149699,3,4.8003,0,1,0,20.31,
CHEMBL1909065,CO[C@@H]1[C@@H](OC)[C@H](C)[C@@](O)(CC(=O)O)O[C@H]1[C@H](C)[C@H]1O[C@@]2(CC[C@@](C)([C@H]3CC[C@@](C)([C@@H]4O[C@@H]([C@H]5O[C@](C)(O)[C@H](C)C[C@@H]5C)C[C@@H]4O[C@@H]4C[C@H](OC)[C@@H](OC)[C@H](C)O4)O3)O2)C[C@H](O)[C@H]1C,916.539551,13,4.3169,0,16,4,208.75,
CHEMBL1909070,CC(C)(Oc1ccc(C2CCCc3ccccc32)cc1)C(=O)O,310.156895,4,4.3968,0,2,1,46.53,
CHEMBL1909072,NC(=O)C1CCN(CCCN2c3ccccc3Sc3ccc(Cl)cc32)CC1,401.132861,5,4.5301,0,4,1,49.57,
CHEMBL1909073,CC[N+]1(CCOC(=O)C(O)(c2ccccc2)c2ccccc2)CCCCC1.[Br-],447.140906,7,0.4903,0,3,1,46.53,
CHEMBL1909076,N[C@H](CSC(=S)NCc1ccccc1)C(=O)O,270.04967,5,1.2062,0,4,3,75.35,
CHEMBL1909078,O=[As][O-].[Na+],129.901195,0,-4.6846,0,2,0,40.13,
CHEMBL1909080,O.O.O.O.O.O.[Cl-].[Cl-].[Sr+2],265.906706,0,-11.321,0,0,0,189.0,
CHEMBL191,CCCCc1nc(Cl)c(CO)n1Cc1ccc(-c2ccccc2-c2nnn[nH]2)cc1,422.162187,8,4.2668,0,6,2,92.51,
CHEMBL192,CCCc1nn(C)c2c(=O)[nH]c(-c3cc(S(=O)(=O)N4CCN(C)CC4)ccc3OCC)nc12,474.204924,7,1.6109,0,8,1,113.42,
CHEMBL19215,CN1C[C@H](CNC(=O)OCc2ccccc2)C[C@@H]2c3cccc4c3c(cn4C)C[C@H]21,403.225977,4,4.0647,0,4,1,46.5,
CHEMBL19224,COc1ccc(Cc2nccc3cc(OC)c(OC)cc23)cc1OC,339.147058,6,3.86,0,5,0,49.81,
CHEMBL19236,COc1nc(C)nc(Cl)c1NC1=NCCN1,241.073038,2,0.81812,0,6,2,71.43,
CHEMBL19299,CC(C(=O)O)c1ccc(CC2CCCC2=O)cc1,246.125594,4,2.7864,0,2,1,54.37,
CHEMBL193,COC(=O)C1=C(C)NC(C)=C(C(=O)OC)C1c1ccccc1[N+](=O)[O-],346.116486,4,2.1756,0,7,1,107.77,
CHEMBL193482,C[C@]12CC[C@@H]3c4ccc(O)cc4CC[C@H]3[C@@H]1C[C@@H](O)[C@@H]2O,288.172545,0,2.58,0,3,3,60.69,
CHEMBL195437,CCCCCCCCc1ccc(O)cc1,206.167065,7,4.2952,0,1,1,20.23,
CHEMBL196,O=C1O[C@H]([C@@H](O)CO)C(O)=C1O,176.032088,2,-1.4074,0,6,4,107.22,
CHEMBL1977579,CN(N=O)C(=O)N[C@@H](C=O)[C@@H](O)[C@H](O)[C@H](O)CO,265.091,7,-3.0483,0,8,5,159.76,
CHEMBL2,COc1cc2nc(N3CCN(C(=O)c4ccco4)CC3)nc(N)c2cc1OC,383.159354,4,1.7846,0,8,1,106.95,
CHEMBL20,CC(=O)Nc1nnc(S(N)(=O)=O)s1,221.988132,2,-0.8561,0,6,2,115.04,
CHEMBL203266,COc1ccc(CN2CCNCC2)c(OC)c1OC,266.163043,5,1.1176,0,5,1,42.96,
CHEMBL2048623,Cc1cc(OC2CCS(=O)(=O)CC2)cc(C)c1-c1cccc(COc2ccc(CCC(=O)O)c(F)c2)c1,526.182538,9,5.66174,0,5,1,89.9,
CHEMBL205596,C[C@H](CCC(=O)O)[C@H]1CC[C@H]2[C@@H]3[C@H](O)C[C@@H]4C[C@H](O)CC[C@]4(C)[C@H]3C[C@H](O)[C@]12C,408.287574,4,3.4487,0,4,4,97.99,
CHEMBL2079587,C[C@]12Cc3c[nH]nc3C[C@@H]1CC[C@@H]1[C@@H]2CC[C@@]2(C)[C@H]1CC[C@]2(C)O,328.251464,0,4.1181,0,2,2,48.91,
CHEMBL20883,O=c1[nH]c(=O)n(C2CCCO2)cc1F,200.05972,1,-0.0153,0,4,1,64.09,
CHEMBL21,Nc1ccc(S(N)(=O)=O)cc1,172.030648,1,-0.0838,0,3,2,86.18,
CHEMBL2103774,C#C[C@]1(O)CC[C@H]2[C@@H]3[C@H](C)CC4=C(CCC(=O)C4)[C@H]3CC[C@@]21C,312.20893,0,3.8826,0,2,1,37.3,
CHEMBL2105807,CO[C@@H]1[C@@H](OC)[C@H](C)[C@@](O)(CC(=O)O)O[C@H]1[C@H](C)[C@H]1O[C@@]2(CC[C@@](C)([C@H]3CC[C@@](C)([C@@H]4O[C@@H]([C@H]5O[C@](C)(O)[C@H](C)C[C@@H]5C)C[C@@H]4O[C@@H]4C[C@H](OC)[C@@H](OC)[C@H](C)O4)O3)O2)C[C@H](O)[C@H]1C.N,933.5661,13,4.4789,0,17,5,243.75,
CHEMBL2106399,CO[C@@H]1[C@@H](O[C@@H]2O[C@H](C)[C@@H](O[C@H]3C[C@@](C)(O)[C@@H](OC(=O)CC(C)C)[C@H](C)O3)[C@H](N(C)C)[C@H]2O)[C@@H](CC=O)C[C@@H](C)[C@@H](O)/C=C/C=C/C[C@@H](C)OC(=O)C[C@H]1O,785.456156,11,2.4426,0,15,4,199.98,
CHEMBL2107687,CCC(C)C(C(=O)OCC[N+](C)(CC)CC)c1ccccc1.[Br-],385.161641,9,0.8499,0,2,0,26.3,
CHEMBL2107797,C#CC1(O)CC[C@H]2[C@@H]3CCC4=CC(=O)CC[C@@H]4[C@H]3CC[C@@]21CC,312.20893,1,3.8826,0,2,1,37.3,
CHEMBL211501,CCCCCC[C@H]1C(=O)O[C@H](C)[C@H](NC(=O)c2cccc(NC=O)c2O)C(=O)O[C@@H](C)[C@@H]1OC(=O)CC(C)C,548.273381,12,3.4804,0,9,3,157.33,
CHEMBL21731,CNCCCC12CCC(c3ccccc31)c1ccccc12,277.18305,4,4.2114,0,1,1,12.03,
CHEMBL219916,O=c1[nH]c2ccccc2n1CCCN1CCC(n2c(=O)[nH]c3cc(Cl)ccc32)CC1,425.161853,5,3.3532,0,5,2,78.82,
CHEMBL221753,CC(C)(C)CC(C)(C)c1ccc(OCCOCC[N+](C)(C)Cc2ccccc2)cc1.[Cl-],447.290407,11,3.0764,0,2,0,18.46,
CHEMBL221886,CN[C@@H]1[C@@H](O)[C@@H](O[C@@H]2[C@@H](O)[C@H](O[C@H]3OC(CN)=CC[C@H]3N)[C@@H](N)C[C@H]2N)OC[C@]1(C)O,447.269299,6,-3.8515,0,12,8,213.72,
CHEMBL2220427,CCC(=O)O[C@H]1[C@H](O[C@@H]2[C@@H](C)[C@H](O[C@H]3C[C@@](C)(OC)[C@@H](O)[C@H](C)O3)[C@@H](C)C(=O)O[C@H](CC)[C@@](C)(O)[C@H](O)[C@@H](C)C(=O)[C@H](C)C[C@@]2(C)O)O[C@H](C)C[C@@H]1N(C)C,789.487456,9,2.7465,0,15,4,199.98,
CHEMBL222863,C[C@@H]1O[C@@H](O[C@H]2C[C@@H](O)[C@]3(CO)[C@H]4[C@H](O)C[C@]5(C)[C@@H](C6=CC(=O)OC6)CC[C@]5(O)[C@@H]4CC[C@]3(O)C2)[C@H](O)[C@H](O)[C@H]1O,584.283277,4,-1.515,0,12,8,206.6,
CHEMBL2252949,CC1(C)[C@H]2CC[C@]1(C)C(=O)C2,152.120115,0,2.4017,0,1,0,17.07,
CHEMBL227934,O=C1C[C@@H]2OCC=C3CN4CC[C@]56c7ccccc7N1[C@H]5[C@H]2[C@H]3C[C@H]46,334.168128,0,2.0925,0,3,0,32.78,
CHEMBL23,COc1ccc([C@@H]2Sc3ccccc3N(CCN(C)C)C(=O)[C@@H]2OC(C)=O)cc1,414.161328,6,3.3685,0,6,0,59.08,
CHEMBL234926,C=CCO,58.041865,1,0.1647,0,1,1,20.23,
CHEMBL2367892,CC(=O)N[C@@H]1[C@H](Oc2c3cc4cc2Oc2ccc(cc2Cl)[C@@H](O[C@@H]2O[C@@H](CO)[C@@H](O)[C@H](O)[C@@H]2NC(C)=O)[C@@H]2NC(=O)[C@H](NC(=O)[C@@H]4NC(=O)[C@H]4NC(=O)[C@@H](Cc5ccc(c(Cl)c5)O3)NC(=O)[C@H](N)c3ccc(O)c(c3)Oc3cc(O)cc4c3)c3ccc(O)c(c3)-c3c(O[C@H]4O[C@H](CO)[C@@H](O)[C@@H](O)[C@@H]4O)cc(O)cc3[C@@H](C(=O)O)NC2=O)O[C@@H](CO)[C@@H](O)[C@@H]1O,1765.431381,12,-1.9572,0,33,24,662.41,
CHEMBL238071,CC[C@]1(O)C[C@@H]2CN(CCc3c([nH]c4ccccc34)[C@@](C(=O)OC)(c3cc4c(cc3OC)N(C)[C@H]3[C@@](O)(C(N)=O)[C@H](O)[C@]5(CC)C=CCN6CC[C@]43[C@@H]65)C2)C1,753.410149,6,2.7324,0,10,5,164.82,
CHEMBL24,CC(C)NCC(O)COc1ccc(CC(N)=O)cc1,266.163043,8,0.4521,0,4,3,84.58,
CHEMBL241694,C#C[C@]1(O)CC[C@H]2[C@@H]3CCC4=CC(=O)CC[C@]4(C)[C@H]3CC[C@@]21C,312.20893,0,3.8826,0,2,1,37.3,
CHEMBL242273,C=CCc1ccc2c(c1)OCO2,162.06808,2,2.1438,0,2,0,18.46,
CHEMBL24441,CNCCc1ccccn1,136.100048,3,0.8435,0,2,1,24.92,
CHEMBL245416,N[C@@H](Cn1ccc(=O)c(O)c1)C(=O)O,198.064057,3,-1.0342,0,5,3,105.55,
CHEMBL248702,CCN[C@@H](C)Cc1cccc(C(F)(F)F)c1,231.123484,4,3.2459,0,1,1,12.03,
CHEMBL24944,O=C(Nc1ccc(Br)cc1)c1cc(Br)cc(Br)c1O,446.810515,2,4.932,0,2,2,49.33,
CHEMBL25,CC(=O)Oc1ccccc1C(=O)O,180.042259,2,1.3101,0,3,1,63.6,
CHEMBL252556,COC1=C(OC)C(=O)C(CCCCCCCCCCO)=C(C)C1=O,338.209324,12,3.4623,0,5,1,72.83,
CHEMBL252557,O=C(O)CO,76.016044,1,-0.9367,0,2,2,57.53,
CHEMBL253376,CN(Cc1cc(Br)cc(Br)c1N)C1CCCCC1,373.999323,3,4.5583,0,2,1,29.26,
CHEMBL254219,C[C@H]1O[C@@H](O[C@H]2[C@@H](O)C[C@H](O[C@H]3[C@@H](O)C[C@H](O[C@H]4CC[C@@]5(C)[C@H](CC[C@@H]6[C@@H]5CC[C@]5(C)[C@@H](C7=CC(=O)OC7)CC[C@]65O)C4)O[C@@H]3C)O[C@@H]2C)C[C@H](O)[C@@H]1O,764.434692,7,3.2473,0,13,5,182.83,
CHEMBL25719,CC(C)=CCC/C(C)=C/CO,154.135765,4,2.6714,0,1,1,20.23,
CHEMBL26,CCN1CCCC1CNC(=O)c1cc(S(N)(=O)=O)ccc1OC,341.140927,6,0.5567,0,5,2,101.73,
CHEMBL26260,O=c1cc(-c2ccccc2)oc2ccc3ccccc3c12,272.08373,1,4.6132,0,2,0,30.21,
CHEMBL262777,CN[C@H](CC(C)C)C(=O)N[C@H]1C(=O)N[C@@H](CC(N)=O)C(=O)N[C@H]2C(=O)N[C@H]3C(=O)N[C@H](C(=O)N[C@H](C(=O)O)c4cc(O)cc(O)c4-c4cc3ccc4O)[C@H](O)c3ccc(c(Cl)c3)Oc3cc2cc(c3O[C@@H]2O[C@H](CO)[C@@H](O)[C@H](O)[C@H]2O[C@H]2C[C@](C)(N)[C@H](O)[C@H](C)O2)Oc2ccc(cc2Cl)[C@H]1O,1447.4302,13,0.1062,0,25,19,530.49,
CHEMBL264374,CC(C)(Oc1ccc(CCNC(=O)c2ccc(Cl)cc2)cc1)C(=O)O,361.108086,7,3.5545,0,3,2,75.63,
CHEMBL267044,CCN1CCC[C@H]1CNC(=O)c1cc(S(N)(=O)=O)ccc1OC,341.140927,6,0.5567,0,5,2,101.73,
CHEMBL267345,C[C@@H]1[C@H](O)[C@@H](C)/C=C/C=C/C=C/C=C/C=C/C=C/C=C/[C@H](O[C@@H]2O[C@H](C)[C@@H](O)[C@H](N)[C@@H]2O)C[C@@H]2O[C@](O)(C[C@@H](O)C[C@@H](O)[C@H](O)CC[C@@H](O)C[C@@H](O)CC(=O)O[C@H]1C)C[C@H](O)[C@H]2C(=O)O,923.48785,3,0.7117,0,17,12,319.61,
CHEMBL267648,CCn1cc(C(=O)O)c(=O)c2cc(F)c(N3CCN(C)CC3)cc21,333.14887,3,1.6105,0,5,1,65.78,
CHEMBL267744,O=C(O)COc1ccc(C(=O)c2cccs2)c(Cl)c1Cl,329.952035,5,3.7493,0,4,1,63.6,
CHEMBL267894,CCC1(CCC(C)C)C(=O)NC(=O)NC1=O,226.131742,4,1.185,0,3,2,75.27,
CHEMBL268291,CN(C)C=O,73.052764,1,-0.2956,0,1,0,20.31,
CHEMBL269671,C[C@@H]1CC[C@H]2[C@@H](C)C(=O)O[C@@H]3O[C@@]4(C)CC[C@@H]1[C@]32OO4,282.146724,0,2.3949,0,5,0,53.99,
CHEMBL269732,C=CC[C@@H]1/C=C(\C)C[C@H](C)C[C@H](OC)[C@H]2O[C@@](O)(C(=O)C(=O)N3CCCC[C@H]3C(=O)O[C@H](/C(C)=C/[C@@H]3CC[C@@H](O)[C@H](OC)C3)[C@H](C)[C@@H](O)CC1=O)[C@H](C)C[C@@H]2OC,803.481977,7,4.639,0,12,3,178.36,
CHEMBL27,CC(C)NCC(O)COc1cccc2ccccc12,259.157229,6,2.5775,0,3,2,41.49,
CHEMBL270299,CC(C)(C)c1ccc(S(=O)(=O)/C=C/C#N)cc1,249.08235,2,2.79508,0,3,0,57.93,
CHEMBL273348,NC1CCN(c2nc3c(cc2F)c(=O)c(C(=O)O)cn3-c2ccc(F)cc2F)C1,404.109625,3,2.0386,0,6,2,101.45,
CHEMBL275742,CC(C)NC[C@@H](O)COc1cccc2ccccc12,259.157229,6,2.5775,0,3,2,41.49,
CHEMBL27577,NC(=O)c1ccccc1O,137.047678,1,0.4911,0,2,2,63.32,
CHEMBL276832,NNc1nncc2ccccc12,160.074896,1,0.9154,0,4,2,63.83,
CHEMBL277100,CC1CN(c2cc3c(cc2F)c(=O)c(C(=O)O)cn3-c2ccc(F)cc2F)CCN1,417.130026,3,2.9043,0,5,2,74.57,
CHEMBL277474,Cc1cc(=O)n(-c2ccccc2)n1C,188.094963,1,1.48442,0,3,0,26.93,
CHEMBL27769,C[C@]12CCC(=O)C[C@@H]1CC[C@@H]1[C@@H]2CC[C@]2(C)[C@@H](O)CC[C@@H]12,290.22458,0,3.9591,0,2,1,37.3,
CHEMBL278172,CCOC(=O)c1ccc(N)cc1,165.078979,2,1.4455,0,3,1,52.32,
CHEMBL28079,CCCOc1ccccc1-c1nc2[nH]nnc2c(=O)[nH]1,271.106925,4,1.497,0,5,2,96.55,
CHEMBL280998,Oc1ccccc1O,110.036779,0,1.0978,0,2,2,40.46,
CHEMBL282468,C[N+](C)(C)CCO.[Cl-],139.076392,2,-3.3111,0,1,1,20.23,
CHEMBL282575,C[C@]12CC[C@@H]3c4ccc(OC(=O)c5ccccc5)cc4CC[C@H]3[C@@H]1CC[C@@H]2O,376.203845,2,5.1228,0,3,1,46.53,
CHEMBL283196,O=c1cc(-c2ccccc2)oc2c1ccc1ccccc12,272.08373,1,4.6132,0,2,0,30.21,
CHEMBL286398,CC(O)CO,76.052429,1,-0.6405,0,2,2,40.46,
CHEMBL289469,CN1C2CCCC1CC(NC(=O)c1nn(C)c3ccccc13)C2,312.195011,2,2.3184,0,4,1,50.16,
CHEMBL29,CC1(C)S[C@@H]2[C@H](NC(=O)Cc3ccccc3)C(=O)N2[C@H]1C(=O)O,334.098728,4,0.8608,0,4,2,86.71,
CHEMBL290106,Oc1c(Cl)cc(Cl)cc1Sc1cc(Cl)cc(Cl)c1O,353.884261,2,5.8626,0,3,2,40.46,
CHEMBL290916,CC1=NN(c2ccccc2)C(=O)C1,174.079313,1,1.7992,0,2,0,32.67,
CHEMBL291338,O=C(Nc1ccc(Cl)c(Cl)c1)c1cc(Cl)cc(Cl)c1O,348.923089,2,5.2581,0,2,2,49.33,
CHEMBL29292,CC(C)C[C@H](NC(=O)[C@@H](O)[C@H](N)Cc1ccccc1)C(=O)O,308.173607,8,0.5328,0,4,4,112.65,
CHEMBL293492,O=C/C=C/c1ccccc1,132.057515,2,1.8987,0,1,0,17.07,
CHEMBL294199,COc1cc(CNC(=O)CCCC/C=C/C(C)C)ccc1O,305.199094,9,3.7896,0,3,2,58.56,
CHEMBL295416,Cc1cccc(Nc2cc(Cl)nc(SCC(=O)O)n2)c1C,323.049525,5,3.66714,0,5,2,75.11,
CHEMBL296419,COc1ccc(CCN2CCC(Nc3nc4ccccc4n3Cc3ccc(F)cc3)CC2)cc1,458.24819,8,5.3513,0,5,1,42.32,
CHEMBL3,CN1CCC[C@H]1c1cccnc1,162.115698,1,1.8483,0,2,0,16.13,
CHEMBL30,CN/C(=N\CCSCc1nc[nH]c1C)NC#N,252.115716,5,0.5974,0,4,3,88.89,
CHEMBL30008,Fc1ccc(C(c2ccc(F)cc2)N2CCN(C/C=C/c3ccccc3)CC2)cc1,404.206405,6,5.3852,0,2,0,6.48,
CHEMBL302795,CN1C(C(=O)Nc2ccccn2)=C(O)c2sccc2S1(=O)=O,337.019098,2,1.6425,0,6,2,99.6,
CHEMBL30327,Clc1cc2c(cc1Cl)Oc1cc(Cl)c(Cl)cc1O2,319.89654,0,6.1982,0,2,0,18.46,
CHEMBL305660,CC(C)(C)c1ccc(C(=O)CCCN2CCC(OC(c3ccccc3)c3ccccc3)CC2)cc1,469.298079,9,7.2176,0,3,0,29.54,
CHEMBL307145,Oc1cccc(O)c1O,126.031694,0,0.8034,0,3,3,60.69,
CHEMBL3084803,CO[C@H]1[C@@H](O)[C@H](N)[C@@H](O[C@H]2O[C@H]([C@H](C)N)CC[C@H]2N)[C@H](O)[C@@H]1N(C)C(=O)CN,405.258734,6,-3.5854,0,10,6,192.54,
CHEMBL31,COc1c(N2CCNC(C)C2)c(F)cc2c(=O)c(C(=O)O)cn(C3CC3)c12,375.159434,4,1.9804,0,6,2,83.8,
CHEMBL310555,Oc1cccc2cccnc12,145.052764,0,1.9404,0,2,1,33.12,
CHEMBL311350,CCn1cc(C(=O)O)c(=O)c2cnc(N3CCCC3)nc21,288.12224,3,1.1098,0,6,1,88.32,
CHEMBL311469,CC(=O)Nc1ccc2c(c1)Cc1ccccc1-2,223.099714,1,3.2162,0,1,1,29.1,
CHEMBL31184,c1ccc2c(c1)cc1ccc3cccc4ccc2c1c34,252.0939,0,5.7372,0,0,0,0.0,
CHEMBL313493,COS(C)(=O)=O,110.003765,1,-0.4076,0,3,0,43.37,
CHEMBL316561,CCCN(CCC)C(=O)C(CCC(=O)O)NC(=O)c1ccccc1,334.189257,10,2.2984,0,3,2,86.71,
CHEMBL3183075,CNC(=C[N+](=O)[O-])NCCSCc1csc(CN(C)C)n1,331.113667,10,1.3225,0,8,2,83.33,
CHEMBL3183440,CC=CC(=O)N(CC)c1ccccc1C,203.131014,3,2.92402,0,1,0,20.31,
CHEMBL319244,O=C(/C=C/c1ccc(O)c(O)c1)OCCc1ccccc1,284.104859,5,2.8969,0,4,2,66.76,
CHEMBL3215298,CC[C@H](C)[C@H]1O[C@]2(C=C[C@@H]1C)C[C@@H]1C[C@@H](C/C=C(\C)[C@@H](O[C@H]3C[C@H](OC)[C@@H](O[C@H]4C[C@H](OC)[C@@H](O)[C@H](C)O4)[C@H](C)O3)[C@@H](C)/C=C/C=C3\CO[C@@H]4[C@H](O)C(C)=C[C@@H](C(=O)O1)[C@]34O)O2.CO[C@H]1C[C@H](O[C@H]2[C@H](C)O[C@@H](O[C@@H]3/C(C)=C/C[C@@H]4C[C@@H](C[C@]5(C=C[C@H](C)[C@@H](C(C)C)O5)O4)OC(=O)[C@@H]4C=C(C)[C@@H](O)[C@H]5OC/C(=C\C=C\[C@@H]3C)[C@]54O)C[C@@H]2OC)O[C@@H](C)[C@@H]1O,1730.968764,15,10.3647,0,28,6,340.12,
CHEMBL325372,COC(=O)c1ccc(O)cc1,152.047344,1,1.1788,0,3,1,46.53,
CHEMBL32749,COc1cc(/C=C/C(=O)O)ccc1O,194.057909,3,1.4986,0,3,2,66.76,
CHEMBL334255,CCCCCCCCCCCCCCCC[n+]1ccccc1.[Br-],383.218762,15,3.4594,0,0,0,3.88,
CHEMBL3350037,C[C@@H](O)[C@H](CO)NC(=O)[C@@H]1CSSC[C@H](NC(=O)[C@H](N)Cc2ccccc2)C(=O)N[C@@H](Cc2ccccc2)C(=O)N[C@H](Cc2c[nH]c3ccccc23)C(=O)N[C@@H](CCCCN)C(=O)N[C@@H]([C@@H](C)O)C(=O)N1,1018.44048,17,-0.8054,0,14,13,332.22,
CHEMBL33864,O=C(O)CCCCC1CCSS1,206.043522,5,2.7851,0,3,1,37.3,
CHEMBL338790,Nc1ccc2c3c(cccc13)C(=O)NC2=O,212.058577,0,1.3056,0,3,2,72.19,
CHEMBL340978,CC(C(=O)O)c1ccc2oc(-c3ccc(Cl)cc3)nc2c1,301.050571,3,4.3363,0,3,1,63.33,
CHEMBL34139,C[C@H]([C@](O)(Cn1cncn1)c1ccc(F)cc1F)S(C)(=O)=O,331.080219,5,0.8772,0,6,1,85.08,
CHEMBL34259,CN(Cc1cnc2nc(N)nc(N)c2n1)c1ccc(C(=O)N[C@@H](CCC(=O)O)C(=O)O)cc1,454.171316,9,0.2684,0,10,5,210.54,
CHEMBL34431,CN(C(=O)CCCOc1ccc2[nH]c(=O)ccc2c1)C1CCCCC1,342.194343,6,3.4782,0,3,1,62.4,
CHEMBL35,NS(=O)(=O)c1cc(C(=O)O)c(NCc2ccco2)cc1Cl,330.00772,5,1.8907,0,5,3,122.63,
CHEMBL3545252,CC(=O)O[C@@]12CO[C@@H]1C[C@H](O)[C@@]1(C)C(=O)[C@H](O)C3=C(C)[C@@H](OC(=O)[C@H](O)[C@@H](NC(=O)OC(C)(C)C)c4ccccc4)C[C@@](O)([C@@H](OC(=O)c4ccccc4)[C@H]21)C3(C)C.O.O.O,861.378299,8,0.7855,0,14,5,318.95,
CHEMBL357995,Cc1cc2c(OCC(CNC(C)(C)C)OC(=O)c3ccccc3)cccc2[nH]1,380.209993,7,4.46882,0,4,2,63.35,
CHEMBL364713,COc1ccc2c(c1OC)C(=O)O[C@@H]2[C@H]1c2c(cc3c(c2OC)OCO3)CCN1C,413.147452,4,2.8818,0,8,0,75.69,
CHEMBL36715,NC(=O)CN1CCCC1=O,142.074228,2,-0.9059,0,2,1,63.4,
CHEMBL36994,COc1ccc(C(=O)N2CCCC2=O)cc1,219.089543,2,1.4578,0,3,0,46.61,
CHEMBL37161,COC(=O)Nc1nc2cc(Sc3ccccc3)ccc2[nH]1,299.072848,3,3.8924,0,4,2,67.01,
CHEMBL372795,CN[C@@H]1[C@H](O[C@H]2[C@H](O[C@H]3[C@H](O)[C@@H](O)[C@H](N=C(N)N)[C@@H](O)[C@@H]3N=C(N)N)O[C@@H](C)[C@]2(O)C=O)O[C@@H](CO)[C@H](O)[C@H]1O,581.26567,9,-8.1611,0,15,12,336.43,
CHEMBL374478,CO[C@H]1/C=C/O[C@@]2(C)Oc3c(C)c(O)c4c(O)c(c(/C=N/N5CCN(C)CC5)c(O)c4c3C2=O)NC(=O)/C(C)=C\C=C\[C@H](C)[C@H](O)[C@@H](C)[C@@H](O)[C@@H](C)[C@H](OC(C)=O)[C@@H]1C,822.405123,4,4.33542,0,15,6,220.15,
CHEMBL376180,Nc1nc(N)c2nc(CNc3ccc(C(=O)N[C@@H](CCC(=O)O)C(=O)O)cc3)cnc2n1,440.155666,9,0.2441,0,10,6,219.33,
CHEMBL37858,O=C(O)c1cn(-c2ccc(F)cc2)c2cc(N3CCNCC3)c(F)cc2c1=O,385.123798,3,2.3767,0,5,2,74.57,
CHEMBL38,CC1=C(/C=C/C(C)=C/C=C/C(C)=C/C(=O)O)C(C)(C)CCC1,300.20893,5,5.6026,0,1,1,37.3,
CHEMBL384467,C[C@@H]1C[C@H]2[C@@H]3CCC4=CC(=O)C=C[C@]4(C)[C@@]3(F)[C@@H](O)C[C@]2(C)[C@@]1(O)C(=O)CO,392.199902,2,1.8957,0,5,3,94.83,
CHEMBL386630,C[C@]12CC[C@H]3[C@@H](CCC4=CC(=O)CC[C@@]43C)[C@@H]1CC[C@@H]2O,288.20893,0,3.8792,0,2,1,37.3,
CHEMBL38737,CC(=N)S,75.01427,0,0.91337,0,1,2,23.85,
CHEMBL388590,CCc1oc2ccccc2c1C(=O)c1cc(Br)c(O)c(Br)c1,421.915318,3,5.4568,0,3,1,50.44,
CHEMBL389621,C[C@]12CCC(=O)C=C1CC[C@@H]1[C@@H]2[C@@H](O)C[C@@]2(C)[C@H]1CC[C@]2(O)C(=O)CO,362.209324,2,1.7816,0,5,3,94.83,
CHEMBL395110,CN1CCCC(CN2c3ccccc3Sc3ccccc32)C1,310.15037,2,4.6311,0,3,0,6.48,
CHEMBL395280,C/C=C1\[C@H]2C=C(C)C[C@]1(N)c1ccc(=O)[nH]c1C2,242.141913,0,1.9975,0,2,2,58.88,
CHEMBL398440,Cc1cc(O)cc(C)c1Cl,156.034193,0,2.66244,0,1,1,20.23,
CHEMBL4,CC1COc2c(N3CCN(C)CC3)c(F)cc3c(=O)c(C(=O)O)cn1c23,361.143784,2,1.544,0,6,1,75.01,
CHEMBL40,CCC1(c2ccccc2)C(=O)NC(=O)NC1=O,232.084792,2,0.7004,0,3,2,75.27,
CHEMBL402794,CCCC[C@@H](CC)COC(=O)c1ccccc1C(=O)OC[C@@H](CC)CCCC,390.27701,14,6.433,0,4,0,52.6,
CHEMBL403,CC1(C)[C@H](C(=O)O)N2C(=O)C[C@H]2S1(=O)=O,233.035793,1,-0.795,0,4,1,91.75,
CHEMBL404,C[C@]1(Cn2ccnn2)[C@H](C(=O)O)N2C(=O)C[C@H]2S1(=O)=O,300.05284,3,-1.5232,0,7,1,122.46,
CHEMBL404271,C[C@H]1O[C@H](O[C@H]2[C@H](O)[C@@H](O)[C@@H](O[C@H]3[C@H](O)[C@@H](O)C(O)O[C@@H]3CO)O[C@@H]2CO)[C@H](O)[C@@H](O)[C@@H]1N[C@H]1C=C(CO)[C@@H](O)[C@H](O)[C@H]1O,645.248014,9,-8.5645,0,19,14,321.17,
CHEMBL404520,CN(C)[C@@H]1C(O)=C(C(N)=O)C(=O)[C@@]2(O)C(O)=C3C(=O)c4c(O)ccc(Cl)c4[C@@](C)(O)[C@H]3C[C@@H]12,478.114293,2,0.439,0,9,6,181.62,
CHEMBL404811,C[C@@H]1CC[C@@]2(OC1)O[C@H]1[C@@H](O)[C@H]3[C@@H]4CC[C@H]5C[C@@H](O[C@@H]6O[C@H](CO)[C@H](O[C@@H]7O[C@H](CO)C(O)[C@H](O[C@@H]8OC[C@@H](O)[C@H](O)[C@H]8O)[C@H]7O[C@@H]7O[C@H](CO)[C@H](O)[C@H](O[C@@H]8O[C@H](CO)[C@@H](O)[C@H](O)[C@H]8O)[C@H]7O)[C@H](O)[C@H]6O)[C@H](O)C[C@]5(C)[C@H]4CC[C@]3(C)[C@H]1[C@@H]2C,1228.572427,14,-6.5045,0,29,17,454.67,
CHEMBL404849,CCCCCCCCNC(C)C(O)c1ccc(SC(C)C)cc1,337.243936,12,5.5591,0,3,2,32.26,
CHEMBL40583,Cc1ccc2cc3c(ccc4ccccc43)c3c2c1CC3,268.125201,0,5.55322,0,0,0,0.0,
CHEMBL406,CC1Cc2ccccc2N1NC(=O)c1ccc(Cl)c(S(N)(=O)=O)c1,365.06009,3,2.0834,0,4,2,92.5,
CHEMBL407,CCOC(=O)c1ncn2c1CN(C)C(=O)c1cc(F)ccc1-2,303.10192,2,1.7737,0,5,0,64.43,
CHEMBL407030,OC[C@H]1OC2C3[C@@H](CO)OC(O[C@H]4[C@H](O)[C@@H](O)[C@@H](O[C@H]5[C@H](O)[C@@H](O)[C@@H](O[C@H]6[C@H](O)[C@@H](O)[C@@H](O[C@H]7[C@H](O)[C@@H](O)[C@@H](O[C@H]8[C@H](O)[C@@H](O)[C@@H](O[C@H]9[C@H](O)[C@@H](O)C(OC1[C@H](O)[C@H]2O)O[C@@H]9CO)O[C@@H]8CO)O[C@@H]7CO)O[C@@H]6CO)O[C@@H]5CO)O[C@@H]4CO)[C@H](O)[C@H]3O,1280.427673,8,-17.1329,0,39,24,623.97,
CHEMBL408,Cc1c(C)c2c(c(C)c1O)CCC(C)(COc1ccc(CC3SC(=O)NC3=O)cc1)O2,441.160994,5,4.37426,0,6,2,84.86,
CHEMBL41,CNCCC(Oc1ccc(C(F)(F)F)cc1)c1ccccc1,309.134049,6,4.435,0,2,1,21.26,
CHEMBL411,CC/C(=C(/CC)c1ccc(O)cc1)c1ccc(O)cc1,268.14633,4,4.8286,0,2,2,40.46,
CHEMBL413,CO[C@H]1C[C@@H]2CC[C@@H](C)[C@@](O)(O2)C(=O)C(=O)N2CCCC[C@H]2C(=O)O[C@H]([C@H](C)C[C@@H]2CC[C@@H](O)[C@H](OC)C2)CC(=O)[C@H](C)/C=C(\C)[C@@H](O)[C@@H](OC)C(=O)[C@H](C)C[C@H](C)/C=C/C=C/C=C/1C,913.555142,6,6.1806,0,13,3,195.43,
CHEMBL413965,O=C(O)Cc1ccc(-c2ccccc2)cc1,212.08373,3,2.9807,0,1,1,37.3,
CHEMBL415,CN(C)CCCN1c2ccccc2CCc2ccc(Cl)cc21,314.154976,4,4.5284,0,2,0,6.48,
CHEMBL415324,COc1ccc(/C=C/C(=O)Nc2ccccc2C(=O)O)cc1OC,327.110673,6,3.0539,0,4,2,84.86,
CHEMBL41543,NC(=O)N1c2ccccc2CCc2ccccc21,238.110613,0,3.002,0,1,1,46.33,
CHEMBL415690,OC[C@H]1O[C@@H]2O[C@H]3[C@H](O)[C@@H](O)[C@@H](O[C@H]4[C@H](O)[C@@H](O)[C@@H](O[C@H]5[C@H](O)[C@@H](O)[C@@H](O[C@H]6[C@H](O)[C@@H](O)[C@@H](O[C@H]7[C@H](O)[C@@H](O)[C@@H](O[C@H]8[C@H](O)[C@@H](O)[C@@H](O[C@H]1[C@H](O)[C@H]2O)O[C@@H]8CO)O[C@@H]7CO)O[C@@H]6CO)O[C@@H]5CO)O[C@@H]4CO)O[C@@H]3CO,1134.369764,7,-15.2306,0,35,21,554.05,
CHEMBL416,COc1c2occc2cc2ccc(=O)oc12,216.042259,1,2.5478,0,4,0,52.58,
CHEMBL417,COc1cccc2c1C(=O)c1c(O)c3c(c(O)c1C2=O)C[C@@](O)(C(=O)CO)C[C@@H]3O[C@H]1C[C@H](N)[C@@H](O)[C@H](C)O1,543.174061,5,0.0013,0,12,6,206.07,
CHEMBL418971,CC(C)(c1ccc(O)cc1)c1ccc(O)cc1,228.11503,2,3.4237,0,2,2,40.46,
CHEMBL42,CN1CCN(C2=Nc3cc(Cl)ccc3Nc3ccccc32)CC1,326.129824,0,3.7227,0,4,1,30.87,
CHEMBL420,N=C(N)N/N=C/c1c(Cl)cccc1Cl,230.012602,2,1.81037,0,2,3,74.26,
CHEMBL421,O=C(O)c1cc(/N=N/c2ccc(S(=O)(=O)Nc3ccccn3)cc2)ccc1O,398.068491,6,3.7016,0,7,3,141.31,
CHEMBL4213010,CC(C)CCC[C@@H](C)[C@H]1CC[C@@]2(C)C3=C(CC[C@]12C)[C@@]1(C)CC[C@H](O)C(C)(C)[C@@H]1CC3,428.401816,5,8.559,0,1,1,20.23,
CHEMBL422,CN1CCN(CCCN2c3ccccc3Sc3ccc(C(F)(F)F)cc32)CC1,407.164303,4,4.9456,0,4,0,9.72,
CHEMBL423192,COc1ccc(C[C@H]2NC[C@H](O)[C@H]2OC(C)=O)cc1,265.131408,4,0.5021,0,5,2,67.79,
CHEMBL424,O=C(O)c1ccccc1O,138.031694,1,1.0904,0,2,2,57.53,
CHEMBL4243267,CCCCCCCCC[C@@H]1C[C@H](O)[C@H]2C[N@]1O[C@@H]2c1ccccc1,331.251129,9,4.865,0,3,1,32.7,
CHEMBL42442,COC(=O)Nc1nc2cc([S+]([O-])c3ccccc3)ccc2[nH]1,315.067762,3,2.9079,0,4,2,90.07,
CHEMBL426123,O=C1CC[C@H](N2C(=O)c3ccccc3C2=O)C(=O)N1,258.064057,1,0.0878,0,4,1,83.55,
CHEMBL42710,C=CCc1ccc(O)c(OC)c1,164.08373,3,2.1293,0,2,1,29.46,
CHEMBL427216,Cc1ccc(S(=O)(=O)NC(=O)NN2CC3CCCC3C2)cc1,323.130363,3,1.62982,0,4,2,78.51,
CHEMBL427526,CC(C)Cc1ccc([C@@H](C)C(=O)O)cc1,206.13068,4,3.0732,0,1,1,37.3,
CHEMBL428,N[C@@H]1[C@H]2CN(c3nc4c(cc3F)c(=O)c(C(=O)O)cn4-c3ccc(F)cc3F)C[C@@H]12,416.109625,3,1.8945,0,6,2,101.45,
CHEMBL428647,CC(=O)O[C@H]1C(=O)[C@@]2(C)[C@H]([C@H](OC(=O)c3ccccc3)[C@]3(O)C[C@H](OC(=O)[C@H](O)[C@@H](NC(=O)c4ccccc4)c4ccccc4)C(C)=C1C3(C)C)[C@]1(OC(C)=O)CO[C@@H]1C[C@@H]2O,853.330955,10,3.7357,0,14,4,221.29,
CHEMBL428880,O=C(O)c1cc(=O)c2c(OCC(O)COc3cccc4oc(C(=O)O)cc(=O)c34)cccc2o1,468.069261,8,2.1145,0,9,3,173.71,
CHEMBL429,CC(CCc1ccccc1)NCC(O)c1ccc(O)c(C(N)=O)c1,328.178693,8,2.1354,0,4,4,95.58,
CHEMBL429023,C=C(C)[C@H]1Cc2c(ccc3c2O[C@@H]2COc4cc(OC)c(OC)cc4[C@@H]2C3=O)O1,394.141638,3,3.7033,0,6,0,63.22,
CHEMBL4298697,C=C1C(=O)O[C@@H]2C3O[C@]3(C)CC/C=C(\C)CC[C@@H]12,248.141244,0,2.762,0,3,0,38.83,
CHEMBL43064,C(=C/c1ccccc1)\CN1CCN(C(c2ccccc2)c2ccccc2)CC1,368.225249,6,5.107,0,2,0,6.48,
CHEMBL433257,COC(=O)C[C@](O)(CCC(C)(C)O)C(=O)O[C@@H]1C(OC)=C[C@]23CCCN2CCc2cc4c(cc2[C@H]13)OCO4,531.246832,8,2.1906,0,10,2,123.99,
CHEMBL434,CC(C)NCC(O)c1ccc(O)c(O)c1,211.120843,4,1.1292,0,4,4,72.72,
CHEMBL434063,CN(CCOc1ccc(C[C@H](Nc2ccccc2C(=O)c2ccccc2)C(=O)O)cc1)c1ccccn1,495.215806,12,4.9356,0,6,2,91.76,
CHEMBL435,NS(=O)(=O)c1cc2c(cc1Cl)NCNS2(=O)=O,296.964475,1,-0.3513,0,5,3,118.36,
CHEMBL435224,COc1cccc([C@H]2O[C@H](CC(=O)N3CCC(CC(=O)O)CC3)C(=O)N(CC(C)(C)COC(C)=O)c3ccc(Cl)cc32)c1OC,644.250059,11,4.8711,0,8,1,131.91,
CHEMBL437,Nc1ccc(S(=O)(=O)Nc2nccs2)cc1,255.013619,3,1.5261,0,5,2,85.08,
CHEMBL437002,O=C(c1ccccc1F)N1CCC(Cc2ccccc2)CC1,297.152892,3,3.9206,0,1,0,20.31,
CHEMBL438,Cc1ccnc(NS(=O)(=O)c2ccc(N)cc2)n1,264.068097,3,1.16802,0,5,2,97.97,
CHEMBL439,Nc1ccc(S(=O)(=O)Nc2ncccn2)cc1,250.052447,3,0.8596,0,5,2,97.97,
CHEMBL44,O=c1c(-c2ccc(O)cc2)coc2cc(O)cc(O)c12,270.052823,1,2.5768,0,5,3,90.9,
CHEMBL441687,CC1(C)[C@@H](O[C@H]2O[C@H](C(=O)O)[C@@H](O)[C@H](O)[C@H]2O[C@@H]2O[C@H](C(=O)O)[C@@H](O)[C@H](O)[C@H]2O)CC[C@]2(C)[C@H]3C(=O)C=C4[C@@H]5C[C@@](C)(C(=O)O)CC[C@]5(C)CC[C@@]4(C)[C@]3(C)CC[C@@H]12,822.403786,7,2.2456,0,13,8,267.04,
CHEMBL442,CN1C[C@H](C(=O)N[C@]2(C)O[C@@]3(O)[C@@H]4CCCN4C(=O)[C@H](Cc4ccccc4)N3C2=O)C=C2c3cccc4[nH]cc(c34)C[C@H]21,581.263819,4,1.9908,0,6,3,118.21,
CHEMBL443,Cc1cc(NS(=O)(=O)c2ccc(N)cc2)no1,253.052112,3,1.36602,0,5,2,98.22,
CHEMBL444633,CO[C@H]1/C=C/O[C@@]2(C)Oc3c(C)c(O)c4c(c3C2=O)C2=NC3(CCN(CC(C)C)CC3)NC2=C(NC(=O)/C(C)=C\C=C\[C@H](C)[C@H](O)[C@@H](C)[C@@H](O)[C@@H](C)[C@H](OC(C)=O)[C@@H]1C)C4=O,846.441509,4,4.61572,0,14,5,205.55,
CHEMBL445,CNCCC=C1c2ccccc2CCc2ccccc21,263.1674,3,3.8264,0,1,1,12.03,
CHEMBL445206,C/C=C\c1ccc(O)c(OC)c1,164.08373,2,2.4339,0,2,1,29.46,
CHEMBL4455828,CC(=O)N[C@H]1[C@H](OCCn2cc(COC(=O)C[C@H]3C[C@@H](CCn4c(-c5ccc(F)cc5)c(-c5ccccc5)c(C(=O)Nc5ccccc5)c4C(C)C)OC(C)(C)O3)nn2)O[C@H](CO)[C@H](O)[C@@H]1O,926.422585,18,5.3225,0,15,5,217.75,
CHEMBL446,Cc1cc(C)nc(NS(=O)(=O)c2ccc(N)cc2)n1,278.083747,3,1.47644,0,5,2,97.97,
CHEMBL44618,ClC(Cl)Cl,117.914383,0,1.9864,0,0,0,0.0,
CHEMBL44657,COc1cc([C@@H]2c3cc4c(cc3[C@@H](O[C@@H]3O[C@@H]5CO[C@@H](C)O[C@H]5[C@H](O)[C@H]3O)[C@H]3COC(=O)[C@H]23)OCO4)cc(OC)c1O,588.184291,5,1.3386,0,13,3,160.83,
CHEMBL447,C=CCC1(C(C)CCC)C(=O)NC(=O)NC1=O,238.131742,5,1.3511,0,3,2,75.27,
CHEMBL44814,ClC(Cl)(Cl)Cl,151.875411,0,2.5529,0,0,0,0.0,
CHEMBL44884,CC[C@@H](CO)NCCN[C@@H](CC)CO,204.183778,9,-0.2926,0,4,4,64.52,
CHEMBL45,COc1ccc2[nH]cc(CCNC(C)=O)c2c1,232.121178,4,1.8551,0,2,2,54.12,
CHEMBL451,CNC1=Nc2ccc(Cl)cc2C(c2ccccc2)=[N+]([O-])C1,299.08254,1,2.9507,0,3,1,50.46,
CHEMBL452,O=C1CN=C(c2ccccc2Cl)c2cc([N+](=O)[O-])ccc2N1,315.041069,2,3.0377,0,4,1,84.6,
CHEMBL45245,O=c1[nH]c2ccccc2c2ccccc12,195.068414,0,2.6813,0,1,1,32.86,
CHEMBL452861,CC(C)NC[C@H](O)COc1cccc2ccccc12,259.157229,6,2.5775,0,3,2,41.49,
CHEMBL453,Cc1noc(NS(=O)(=O)c2ccc(N)cc2)c1C,267.067762,3,1.67444,0,5,2,98.22,
CHEMBL4537788,O=C(NCc1ncc(C(F)(F)F)cc1Cl)c1ccc2c(c1)C1(CCS(=O)(=O)CC1)[C@H](C1CC1)N2S(=O)(=O)c1ccc(F)cc1,671.093853,6,5.2568,0,6,1,113.51,
CHEMBL456,C=C(CC)C(=O)c1ccc(OCC(=O)O)c(Cl)c1Cl,302.011264,6,3.6057,0,3,1,63.6,
CHEMBL4565242,CC(=O)N[C@H]1[C@H](OCCn2cc(COC(=O)C[C@H](O)C[C@H](O)CCn3c(-c4ccc(F)cc4)c(-c4ccccc4)c(C(=O)Nc4ccccc4)c3C(C)C)nn2)O[C@H](CO)[C@H](O)[C@@H]1O,886.391285,20,3.5242,0,15,7,239.75,
CHEMBL456807,NNc1ccccc1,108.068748,1,0.9722,0,2,2,38.05,
CHEMBL457,Cc1ccc(C)c(OCCCC(C)(C)C(=O)O)c1,250.156895,6,3.57324,0,2,1,46.53,
CHEMBL457299,OCCO,62.036779,1,-1.029,0,2,2,40.46,
CHEMBL458019,C[n+]1ccc(-c2cc[n+](C)cc2)cc1.[Cl-].[Cl-],256.053404,1,-4.9894,0,0,0,7.76,
CHEMBL459,C[C@](N)(Cc1ccc(O)c(O)c1)C(=O)O,211.084458,3,0.4423,0,4,4,103.78,
CHEMBL4594444,C[C@H](O)c1nc(Cn2nc(-c3ccc(Cl)cc3)n(C[C@H](O)C(F)(F)F)c2=O)nn1-c1cccc(Cl)c1,542.084778,7,3.6241,0,9,2,110.99,
CHEMBL46,Cc1nccn1CC1CCc2c(c3ccccc3n2C)C1=O,293.152812,2,3.12852,0,4,0,39.82,
CHEMBL460291,CCOC(=O)C1=C(C)NC(C)=C(C(=O)OCC)C1c1ccccc1/C=C/C(=O)OC(C)(C)C,455.230788,7,4.4025,0,7,1,90.93,
CHEMBL460499,CCCCCCNC(=O)n1cc(F)c(=O)[nH]c1=O,257.11757,5,0.8137,0,4,2,83.96,
CHEMBL461727,N#C[C@H](O[C@@H]1O[C@H](CO[C@@H]2O[C@H](CO)[C@@H](O)[C@H](O)[C@H]2O)[C@@H](O)[C@H](O)[C@H]1O)c1ccccc1,457.158411,7,-3.10802,0,12,7,202.32,
CHEMBL462547,CCOC(N)=O,89.047678,1,0.1016,0,2,1,52.32,
CHEMBL46403,CCCCCCCCCCCCCCCCCC(=O)O,284.27153,16,6.3325,0,1,1,37.3,
CHEMBL4645080,C[C@H](CCCC(C)(C)O)[C@H]1CC[C@H]2[C@@H]3CC=C4CC(=O)CC[C@]4(C)[C@H]3CC[C@]12C,400.334131,5,6.7118,0,2,1,37.3,
CHEMBL4648290,CC(C)CCC[C@@H](C)[C@H]1CC[C@H]2[C@@H]3CC=C4C(C)(C)[C@@H](O)CC[C@]4(C)[C@H]3CC[C@]12C,414.386166,5,8.0248,0,1,1,20.23,
CHEMBL4649901,Cc1c(N)nc([C@H](CC(N)=O)NC[C@H](N)C(N)=O)nc1C(=O)N[C@H](C(=O)N[C@H](C)[C@@H](O)[C@H](C)C(=O)N[C@H](C(=O)NCCc1nc(-c2nc(C(=O)NCCC[S+](C)C)cs2)cs1)[C@@H](C)O)[C@@H](O[C@@H]1O[C@@H](CO)[C@@H](O)[C@H](O)[C@@H]1O[C@H]1O[C@H](CO)[C@@H](O)[C@H](OC(N)=O)[C@@H]1O)c1c[nH]cn1.[Br-],1493.437318,35,-10.69958,0,31,20,627.07,
CHEMBL467,NC(=O)NO,76.027277,0,-0.9561,0,2,3,75.35,
CHEMBL468,O=C1CCC(N2C(=O)c3ccccc3C2=O)C(=O)N1,258.064057,1,0.0878,0,4,1,83.55,
CHEMBL469,O=C(c1ccccc1)c1ccc2n1CCC2C(=O)O,255.089543,3,2.291,0,3,1,59.3,
CHEMBL469912,COc1ccc(C[C@H](N)C(=O)N[C@H]2[C@@H](O)[C@H](n3cnc4c(N(C)C)ncnc43)O[C@@H]2CO)cc1,471.223017,8,-0.7937,0,11,4,160.88,
CHEMBL47,Cc1c(C)c2c(c(C)c1O)CC[C@@](C)(CCC[C@H](C)CCC[C@H](C)CCCC(C)C)O2,430.381081,12,8.84026,0,2,1,29.46,
CHEMBL471,CC(C)NCC(O)c1ccc(NS(C)(=O)=O)cc1,272.119463,6,1.0895,0,4,3,78.43,
CHEMBL472,COc1ccc(Cl)cc1C(=O)NCCc1ccc(S(=O)(=O)NC(=O)NC2CCCCC2)cc1,493.14382,8,3.6417,0,5,3,113.6,
CHEMBL47244,C=C(C)[C@@H]1[C@H]2OC(=O)[C@@H]1[C@]1(O)C[C@H]3O[C@]34C(=O)O[C@H]2[C@]14C,292.094688,1,-0.062,0,6,1,85.36,
CHEMBL475534,CCOC(=O)C1=C(C)NC(C)=C(C(=O)OC)C1c1cccc([N+](=O)[O-])c1,360.132136,5,2.5657,0,7,1,107.77,
CHEMBL476,CN(C)/N=N/c1[nH]cnc1C(N)=O,182.091609,3,0.0689,0,4,2,99.73,
CHEMBL4764227,CCOP(=O)(OCC)C(=Cc1ccc(O)c(C(C)(C)C)c1)P(=O)(OCC)OCC,448.177977,11,6.5203,0,7,1,91.29,
CHEMBL4780829,C#Cc1cc(CC(P(=O)(OC(C)C)OC(C)C)P(=O)(OC(C)C)OC(C)C)cc(N=[N+]=[N-])c1,499.200109,13,7.5645,0,7,0,119.82,
CHEMBL4785346,CC(C)OP(=O)(O)C(Cc1cc(C(C)(C)C)nc(C(C)(C)C)c1)P(=O)(OC(C)C)OC(C)C,505.272211,10,7.1987,0,6,1,94.95,
CHEMBL479,CSc1ccc2c(c1)N(CCC1CCCCN1C)c1ccccc1S2,370.153741,4,5.8856,0,4,0,6.48,
CHEMBL4795318,CCOP(=O)(OCC)C(=Cc1ccc(O)cc1)P(=O)(OCC)OCC,392.115376,11,5.2228,0,7,1,91.29,
CHEMBL480,Cc1c(OCC(F)(F)F)ccnc1C[S+]([O-])c1nc2ccccc2[nH]1,369.075882,5,3.51522,0,4,1,73.86,
CHEMBL4802045,CC[C@@H](Nc1c(C#N)c(-c2ccc(-c3cccc(C)c3F)cc2)nc2cnccc12)C(=O)O,440.164854,6,5.5581,0,5,2,98.9,
CHEMBL481,CCc1c2c(nc3ccc(OC(=O)N4CCC(N5CCCCC5)CC4)cc13)-c1cc3c(c(=O)n1C2)COC(=O)[C@]3(O)CC,586.279135,4,4.0911,0,9,1,114.2,
CHEMBL48449,C[C@@]12C(=O)OC(=O)[C@]1(C)[C@H]1CC[C@@H]2O1,196.073559,0,0.6436,0,4,0,52.6,
CHEMBL485259,CC12CCC(CC1)C(C)(C)O2,154.135765,0,2.7441,0,1,0,9.23,
CHEMBL485549,O=C(N/N=C/c1ccc([N+](=O)[O-])o1)c1cc([N+](=O)[O-])cc([N+](=O)[O-])c1O,365.024377,6,1.4737,0,10,2,204.25,
CHEMBL487894,Cc1c(N(C)CS(=O)(=O)[O-])c(=O)n(-c2ccccc2)n1C.[Na+],333.075921,4,-2.57268,0,7,0,87.37,
CHEMBL488,CCC1(c2ccc(N)cc2)CCC(=O)NC1=O,232.121178,2,1.3532,0,3,2,72.19,
CHEMBL488025,CC1=C(CC(=O)O)c2cc(F)ccc2/C1=C\c1ccc(S(C)(=O)=O)cc1,372.083158,4,4.0316,0,3,1,71.44,
CHEMBL49,O=C1CC2(CCCC2)CC(=O)N1CCCCN1CCN(c2ncccn2)CC1,385.247775,6,2.0882,0,6,0,69.64,
CHEMBL490,Fc1ccc([C@@H]2CCNC[C@H]2COc2ccc3c(c2)OCO3)cc1,329.142722,4,3.3265,0,4,1,39.72,
CHEMBL49080,CC(C)(C)NCC(O)c1cc(Cl)c(N)c(Cl)c1,276.079619,3,2.9971,0,3,3,58.28,
CHEMBL493,CC(C)C[C@H]1C(=O)N2CCC[C@H]2[C@]2(O)O[C@](NC(=O)[C@@H]3C=C4c5cccc6[nH]c(Br)c(c56)C[C@H]4N(C)C3)(C(C)C)C(=O)N12,653.221281,5,3.1928,0,6,3,118.21,
CHEMBL495778,C=C(C)C1(O)OC(=O)C=C1OC,170.057909,2,0.3382,0,4,1,55.76,
CHEMBL496,Oc1c(Cl)cc(Cl)c(Cl)c1Cc1c(O)c(Cl)cc(Cl)c1Cl,403.849896,2,6.609,0,2,2,40.46,
CHEMBL498,CCCNC(=O)NS(=O)(=O)c1ccc(Cl)cc1,276.033541,4,1.7379,0,3,2,75.27,
CHEMBL498847,Cc1ncc([N+](=O)[O-])n1CC(C)O,185.080041,3,0.48052,0,5,1,81.19,
CHEMBL499,CC(C)(C)NC[C@H](O)COc1nsnc1N1CCOCC1,316.156912,6,0.5025,0,8,2,79.74,
CHEMBL499815,C=C1[C@@H]2CCC3[C@@](CC[C@@H]4[C@H](C(=O)O)C[C@@H](O[C@@H]5O[C@H](CO)[C@@H](OS(=O)(=O)[O-])[C@H](OS(=O)(=O)[O-])[C@H]5OC(=O)CC(C)C)C[C@@]34C)(C2)[C@@H]1O.[K+].[K+],802.134491,11,-5.0102,0,15,3,255.38,
CHEMBL500,CC(C)NCC(O)COc1cccc2[nH]ccc12,248.152478,6,1.9056,0,3,3,57.28,
CHEMBL502620,CC[C@@]1(O)C[C@H](O[C@H]2C[C@H](N(C)C)[C@H](O[C@H]3C[C@H](O)[C@H](O[C@H]4CCC(=O)[C@H](C)O4)[C@H](C)O3)[C@H](C)O2)c2c(cc3c(c2O)C(=O)c2c(O)cccc2C3=O)[C@H]1C(=O)OC,811.34152,9,3.1577,0,16,4,217.05,
CHEMBL502896,Cl.NC[C@H]1CC[C@H](C(=O)Oc2ccc(CCC(=O)O)cc2)CC1,341.139386,6,2.7961,0,4,2,89.62,
CHEMBL504,C[S+](C)[O-],78.013936,0,-0.0053,0,1,0,23.06,
CHEMBL50588,CC[C@H]1CN2CCc3cc(OC)c(OC)cc3[C@@H]2C[C@@H]1C[C@H]1NCCc2cc(OC)c(OC)cc21,480.298808,7,4.9434,0,6,1,52.19,
CHEMBL506,COc1cc(NC(C)CCCN)c2ncccc2c1,259.168462,6,2.7827,0,4,2,60.17,
CHEMBL508102,CCOC(=O)n1ccn(C)c1=S,186.046299,1,1.56069,0,5,0,36.16,
CHEMBL508112,c1ccc2sc(SSc3nc4ccccc4s3)nc2c1,331.957032,3,5.7054,0,6,0,25.78,
CHEMBL509,Cc1ccc(Cl)c(Nc2ccccc2C(=O)O)c1Cl,295.016684,3,4.74362,0,2,2,49.33,
CHEMBL510139,CC1=C2C(=CO[C@H](C)[C@H]2C)C(O)=C(C(=O)O)C1=O,250.084124,1,1.721,0,4,2,83.83,
CHEMBL511,COc1ccc(CN(CCN(C)C)c2ccccn2)cc1,285.184112,7,2.6584,0,4,0,28.6,
CHEMBL513,O=NN(CCCl)C(=O)NCCCl,213.007182,5,1.157,0,3,1,61.77,
CHEMBL514,O=NN(CCCl)C(=O)NC1CCCCC1,233.093104,4,2.2509,0,3,1,61.77,
CHEMBL515,O=C(O)CCCc1ccc(N(CCCl)CCCl)cc1,303.079284,9,3.3779,0,2,1,40.54,
CHEMBL515914,CC(=O)OC[C@H]1O[C@@H](n2ncc(=O)[nH]c2=O)[C@H](OC(C)=O)[C@@H]1OC(C)=O,371.096479,5,-1.7445,0,11,1,155.88,
CHEMBL516,CN1CCC(=C2c3ccccc3C=Cc3ccccc32)CC1,287.1674,0,4.6979,0,1,0,3.24,
CHEMBL517712,CN1[C@@H]2CC[C@H]1C[C@@H](OC(=O)C(CO)c1ccccc1)C2,289.167794,4,1.9309,0,4,1,49.77,
CHEMBL521,CC(C)Cc1ccc(C(C)C(=O)O)cc1,206.13068,4,3.0732,0,1,1,37.3,
CHEMBL521589,CN(C)C(=O)Oc1cc(OC(=O)N(C)C)cc(C(O)CNC(C)(C)C)c1,367.210721,5,2.2289,0,6,2,91.34,
CHEMBL521606,CC(C)(C)NCC(O)COc1cccc2c1CC(O)C(O)C2,309.194008,5,0.6348,0,5,4,81.95,
CHEMBL52440,COc1ccc2c(c1)[C@]13CCCC[C@@H]1[C@H](C2)N(C)CC3,271.193614,1,3.3834,0,2,0,12.47,
CHEMBL526,CC(C)c1cccc(C(C)C)c1O,178.135765,2,3.639,0,1,1,20.23,
CHEMBL527,CN1C(C(=O)Nc2ccccn2)=C(O)c2ccccc2S1(=O)=O,331.062677,2,1.581,0,5,2,99.6,
CHEMBL5272460,CC(=O)N[C@@H]1[C@@H](O)[C@@H](O)[C@@H](CO)O[C@H]1n1cc(CNC(=O)C[C@H](O)C[C@H](O)CCn2c(-c3ccc(F)cc3)c(-c3ccccc3)c(C(=O)Nc3ccccc3)c2C(C)C)nn1,841.381054,17,3.2531,0,13,8,233.32,
CHEMBL5273169,CC(=O)N[C@H]1[C@H](OCCn2cc(CNC(=O)C[C@H](O)C[C@H](O)CCn3c(-c4ccc(F)cc4)c(-c4ccccc4)c(C(=O)Nc4ccccc4)c3C(C)C)nn2)O[C@H](CO)[C@H](O)[C@@H]1O,885.407269,20,3.0972,0,14,8,242.55,
CHEMBL529,CC[C@H]1OC(=O)[C@H](C)[C@@H](O[C@H]2C[C@@](C)(OC)[C@@H](O)[C@H](C)O2)[C@H](C)[C@@H](O[C@@H]2O[C@H](C)C[C@H](N(C)C)[C@H]2O)[C@](C)(O)C[C@@H](C)CN(C)[C@H](C)[C@@H](O)[C@]1(C)O,748.508526,7,1.9007,0,14,5,180.08,
CHEMBL531,CCCN1C[C@H](CSC)C[C@@H]2c3cccc4[nH]cc(c34)C[C@H]21,314.18167,4,4.2711,0,2,1,19.03,
CHEMBL5314360,CCN1C[C@]2(COC)[C@H](O)C[C@H](OC)[C@@]34[C@@H]5C[C@@]6(O)[C@H](OC(=O)c7ccccc7)[C@@H]5[C@@](OC(C)=O)([C@@H]([C@H](OC)[C@H]23)[C@@H]14)[C@@H](O)[C@@H]6OC,645.314911,9,0.6481,0,12,3,153.45,
CHEMBL5314404,CC[C@H]1[C@@H]2C[C@H]3[C@@H]4N(C)c5ccccc5[C@]45C[C@@H]([C@@H]2[C@H]5O)N3[C@@H]1O,326.199428,1,1.5545,0,4,2,46.94,
CHEMBL5315124,C[C@H]1COc2c(N3CCN(C)CC3)c(F)cc3c(=O)c(C(=O)O)cn1c23.C[C@H]1COc2c(N3CCN(C)CC3)c(F)cc3c(=O)c(C(=O)O)cn1c23.O,740.298133,4,2.2633,0,12,2,181.52,
CHEMBL532,CC[C@H]1OC(=O)[C@H](C)[C@@H](O[C@H]2C[C@@](C)(OC)[C@@H](O)[C@H](C)O2)[C@H](C)[C@@H](O[C@@H]2O[C@H](C)C[C@H](N(C)C)[C@H]2O)[C@](C)(O)C[C@@H](C)C(=O)[C@H](C)[C@@H](O)[C@]1(C)O,733.461241,7,1.7856,0,14,5,193.91,
CHEMBL534,CN1CCC(=C2c3ccccc3CC(=O)c3sccc32)CC1,309.118735,0,4.0144,0,3,0,20.31,
CHEMBL53463,COc1cccc2c1C(=O)c1c(O)c3c(c(O)c1C2=O)C[C@@](O)(C(=O)CO)C[C@@H]3O[C@H]1C[C@H](N)[C@H](O)[C@H](C)O1,543.174061,5,0.0013,0,12,6,206.07,
CHEMBL54,O=C(CCCN1CCC(O)(c2ccc(Cl)cc2)CC1)c1ccc(F)cc1,375.140135,6,4.4256,0,3,1,40.54,
CHEMBL5409584,C#Cc1ncc(-c2ncc(-c3ccc4ccccc4c3)n2CCCC(C)(C)C)n1CCCCCNC,481.320546,11,6.7641,0,5,1,47.67,
CHEMBL541,O=C(O)c1ccccc1,122.036779,1,1.3848,0,1,1,37.3,
CHEMBL5410211,CNc1cc[n+](CCNC(=O)c2ccn3c(-c4c(C)noc4C)cnc3c2)cc1.[Cl-],426.157102,6,-0.63066,0,6,2,88.34,
CHEMBL54126,CN(C)C(=O)Oc1cccc([N+](C)(C)C)c1.[Br-],302.06299,2,-1.0523,0,2,0,29.54,
CHEMBL5434129,C#Cc1ncc(-c2ncc(-c3ccc4ccccc4c3)n2CC2CCCCC2)n1CCCCCNC,479.304896,10,6.5181,0,5,1,47.67,
CHEMBL545,CCO,46.041865,0,-0.0014,0,1,1,20.23,
CHEMBL547,CC1=C(/C=C/C(C)=C/C=C/C(C)=C\C(=O)O)C(C)(C)CCC1,300.20893,5,5.6026,0,1,1,37.3,
CHEMBL5483011,CC(C)(C)NC(=O)[C@@H]1CN(Cc2cccnc2)CCN1C[C@@H](O)C[C@@H](Cc1ccccc1)C(=O)N[C@H]1c2ccccc2C[C@H]1O.O,631.37337,11,2.0422,0,7,4,149.53,
CHEMBL549,CN(C)CCCC1(c2ccc(F)cc2)OCc2cc(C#N)ccc21,324.163792,5,3.81298,0,3,0,36.26,
CHEMBL55,N=C(N)c1ccc(OCCCCCOc2ccc(C(=N)N)cc2)cc1,340.189926,10,2.88284,0,4,4,118.2,
CHEMBL553025,CCC1=C[C@@H]2CN(C1)Cc1c([nH]c3ccccc13)[C@@](C(=O)OC)(c1cc3c(cc1OC)N(C)[C@H]1[C@@](O)(C(=O)OC)[C@H](OC(C)=O)[C@]4(CC)C=CCN5CC[C@]31[C@@H]54)C2,778.394165,7,4.7536,0,11,2,133.87,
CHEMBL557555,CC(C)(Oc1ccc(C2CC2(Cl)Cl)cc1)C(=O)O,288.032,4,3.5898,0,2,1,46.53,
CHEMBL558,Cc1cccc(C)c1OCC(C)N,179.131014,3,2.02944,0,2,1,35.25,
CHEMBL558551,O=C1CC[C@@H](N2C(=O)c3ccccc3C2=O)C(=O)N1,258.064057,1,0.0878,0,4,1,83.55,
CHEMBL559147,C[C@@H](N)[C@H]1CC[C@H](C(=O)Nc2ccncc2)CC1,247.168462,3,2.1737,0,3,2,68.01,
CHEMBL561,CCn1cc(C(=O)O)c(=O)c2cc(F)c(N3CCNC(C)C3)c(F)c21,351.139448,3,1.7959,0,5,2,74.57,
CHEMBL562,COC1=CC(=O)C[C@@H](C)[C@]12Oc1c(Cl)c(OC)cc(OC)c1C2=O,352.071366,3,2.8103,0,6,0,71.06,
CHEMBL563,CC(C(=O)O)c1ccc(-c2ccccc2)c(F)c1,244.089958,3,3.6808,0,1,1,37.3,
CHEMBL56337,CC(/C=C1\SC(=S)N(CC(=O)O)C1=O)=C\c1ccccc1,319.033685,4,2.9187,0,4,1,57.61,
CHEMBL56367,CS(=O)(=O)Nc1ccc([N+](=O)[O-])cc1Oc1ccccc1,308.046692,5,2.7586,0,5,1,98.54,
CHEMBL564,CN(C)CCCN1c2ccccc2Sc2ccccc21,284.13472,4,4.241,0,3,0,6.48,
CHEMBL564201,O=c1cnn([C@@H]2O[C@H](CO)[C@@H](O)[C@H]2O)c(=O)[nH]1,245.064785,2,-3.4569,0,8,4,137.67,
CHEMBL565,CCOC(=O)C(C)(C)Oc1ccc(Cl)cc1,242.070972,4,3.0605,0,3,0,35.53,
CHEMBL56564,CN1[C@@H]2CC[C@H]1C[C@@H](OC(=O)c1c[nH]c3ccccc13)C2,284.152478,2,2.9499,0,3,1,45.33,
CHEMBL566534,CO[C@H]1O[C@@H]2O[C@@]3(C)CC[C@H]4[C@H](C)CC[C@@H]([C@H]1C)[C@@]24OO3,298.178024,1,2.8408,0,5,0,46.15,
CHEMBL567,OCCN1CCN(CCCN2c3ccccc3Sc3ccc(Cl)cc32)CC1,403.148511,6,3.9427,0,5,1,29.95,
CHEMBL569,CCN(CC)CCOC(=O)c1ccc(N)cc1,236.152478,6,1.7674,0,4,1,55.56,
CHEMBL57,Cc1ccnc2c1NC(=O)c1cccnc1N2C1CC1,266.116761,1,2.65122,0,4,1,58.12,
CHEMBL571,CC(C(=O)O)c1cccc(C(=O)c2ccccc2)c1,254.094294,4,3.1057,0,2,1,54.37,
CHEMBL572,O=C1CN(/N=C/c2ccc([N+](=O)[O-])o2)C(=O)N1,238.033819,3,0.0735,0,6,1,118.05,
CHEMBL573,O=C(O)c1cccnc1,123.032028,1,0.7798,0,2,1,50.19,
CHEMBL577294,CC(O)COC[C@H]1O[C@@H]2O[C@H]3[C@H](O)[C@@H](O)[C@@H](O[C@H]4[C@H](O)[C@@H](O)[C@@H](O[C@H]5[C@H](O)[C@@H](O)[C@@H](O[C@H]6[C@H](O)[C@@H](O)[C@@H](O[C@H]7[C@H](O)[C@@H](O)[C@@H](O[C@H]8[C@H](O)[C@@H](O)[C@@H](O[C@H]1[C@H](O)[C@H]2O)O[C@@H]8COCC(C)O)O[C@@H]7COCC(C)O)O[C@@H]6COCC(C)O)O[C@@H]5COCC(C)O)O[C@@H]4COCC(C)O)O[C@@H]3COCC(C)O,1540.662818,28,-12.3949,0,42,21,618.66,
CHEMBL578,CCOC(=O)[C@H](CCc1ccccc1)N[C@@H](C)C(=O)N1CCC[C@H]1C(=O)O,376.199822,9,1.6046,0,5,2,95.94,
CHEMBL58,O=C1c2c(O)ccc(O)c2C(=O)c2c(NCCNCCO)ccc(NCCNCCO)c21,444.200885,12,-0.1392,0,10,8,163.18,
CHEMBL580,O=C1Nc2ccc(Cl)cc2C(c2ccccc2Cl)=NC1O,320.011933,1,3.1013,0,3,2,61.69,
CHEMBL583,Cc1c(F)c(N2CCNC(C)C2)cc2c1c(=O)c(C(=O)O)cn2C1CC1,359.16452,3,2.28022,0,5,2,74.57,
CHEMBL584,Cc1c(O)cccc1C(=O)N[C@@H](CSc1ccccc1)[C@H](O)CN1C[C@H]2CCCC[C@H]2C[C@H]1C(=O)NC(C)(C)C,567.313078,9,4.74762,0,6,4,101.9,
CHEMBL585,Nc1nc(N)c2nc(-c3ccccc3)c(N)nc2n1,253.107593,1,0.8334,0,7,3,129.62,
CHEMBL595,CCc1ccc(CCOc2ccc(CC3SC(=O)NC3=O)cc2)nc1,356.119463,7,3.1596,0,5,1,68.29,
CHEMBL597,Cc1ccc(N(CC2=NCCN2)c2cccc(O)c2)cc1,281.152812,4,2.84042,0,4,2,47.86,
CHEMBL599,Cc1cnc(NC(=O)C2=C(O)c3ccccc3S(=O)(=O)N2C)s1,351.034748,2,1.95092,0,6,2,99.6,
CHEMBL6,COc1ccc2c(c1)c(CC(=O)O)c(C)n2C(=O)c1ccc(Cl)cc1,357.076786,4,3.92732,0,4,1,68.53,
CHEMBL600325,C[C@@H]1O[C@@H](O[C@@H]2C=C3CC[C@@H]4[C@H](CC[C@]5(C)[C@@H](c6ccc(=O)oc6)CC[C@]45O)[C@@]3(C)CC2)[C@H](O)[C@H](O)[C@H]1O,530.287968,3,3.0138,0,8,4,129.59,
CHEMBL603,COc1cc(C(=O)NS(=O)(=O)c2ccccc2C)ccc1Cc1cn(C)c2ccc(NC(=O)OC3CCCC3)cc12,575.209007,8,5.69592,0,7,2,115.73,
CHEMBL608,CC(C)(Sc1cc(C(C)(C)C)c(O)c(C(C)(C)C)c1)Sc1cc(C(C)(C)C)c(O)c(C(C)(C)C)c1,516.309573,4,9.9083,0,4,2,40.46,
CHEMBL60889,CCOc1cc(N)c(Cl)cc1C(=O)NCC1CN(Cc2ccc(F)cc2)CCO1,421.156848,7,3.0908,0,5,2,76.82,
CHEMBL61,COc1cc([C@@H]2c3cc4c(cc3[C@H](O)[C@H]3COC(=O)[C@H]23)OCO4)cc(OC)c1OC,414.131468,4,2.4092,0,8,1,92.68,
CHEMBL611,COc1cc2nc(N3CCN(C(=O)C4CCCO4)CC3)nc(N)c2cc1OC,387.190654,4,1.0568,0,8,1,103.04,
CHEMBL614,NC(=O)c1cnccn1,123.043262,1,-0.4245,0,3,1,68.87,
CHEMBL6195034,CCNc1cc(C#Cc2ccc(OC3CCN(C(N)=O)CC3)cc2)ccn1,364.189926,4,2.8351,0,4,2,80.48,
CHEMBL621,O=c1n(CCCN2CCN(c3cccc(Cl)c3)CC2)nc2ccccn12,371.151288,5,2.3617,0,6,0,45.78,
CHEMBL62193,COc1cc(NS(=O)(=O)c2ccc(N)cc2)nc(OC)n1,310.073576,5,0.8768,0,7,2,116.43,
CHEMBL622,CCc1cccc2c3c([nH]c12)C(CC)(CC(=O)O)OCC3,287.152144,4,3.383,0,2,2,62.32,
CHEMBL625,c1ccc2[nH]c(-c3cscn3)nc2c1,201.036068,1,2.6864,0,3,1,41.57,
CHEMBL6273,CN1CCN(c2c(F)cc3c(=O)c(C(=O)O)cn(CCF)c3c2F)CC1,369.130026,4,1.6992,0,5,1,65.78,
CHEMBL628,CC(=O)CCCCn1c(=O)c2c(ncn2C)n(C)c1=O,278.13789,5,0.193,0,7,0,78.89,
CHEMBL629,CN(C)CCC=C1c2ccccc2CCc2ccccc21,277.18305,3,4.1686,0,1,0,3.24,
CHEMBL631,CCCNCC(O)COc1ccccc1C(=O)CCc1ccccc1,341.199094,11,3.2414,0,4,2,58.56,
CHEMBL632,C[C@H]1C[C@H]2[C@@H]3CCC4=CC(=O)C=C[C@]4(C)[C@@]3(F)[C@@H](O)C[C@]2(C)[C@@]1(O)C(=O)CO,392.199902,2,1.8957,0,5,3,94.83,
CHEMBL633,CCCCc1oc2ccccc2c1C(=O)c1cc(I)c(OCCN(CC)CC)c(I)c1,645.02369,11,6.9362,0,4,0,42.68,
CHEMBL63323,O=C(O)c1cccnc1Nc1cccc(C(F)(F)F)c1,282.061612,3,3.5422,0,3,2,62.22,
CHEMBL635,C[C@]12C=CC(=O)C=C1CC[C@@H]1[C@@H]2C(=O)C[C@@]2(C)[C@H]1CC[C@]2(O)C(=O)CO,358.178024,2,1.7658,0,5,2,91.67,
CHEMBL63560,C[C@](O)(CS(=O)(=O)c1ccc(F)cc1)C(=O)Nc1ccc(C#N)c(C(F)(F)F)c1,430.061041,5,2.87958,0,5,2,107.26,
CHEMBL637,COc1ccc(C(CN(C)C)C2(O)CCCCC2)cc1,277.204179,5,3.0356,0,3,1,32.7,
CHEMBL64,NNC(=O)c1ccncc1,137.058912,1,-0.3149,0,3,2,68.01,
CHEMBL640,CCN(CC)CCNC(=O)c1ccc(N)cc1,235.168462,6,1.3404,0,3,2,58.36,
CHEMBL642,CCCC(=O)Nc1ccc(OCC(O)CNC(C)C)c(C(C)=O)c1,336.204907,10,2.3655,0,5,3,87.66,
CHEMBL643,CC(CN1c2ccccc2Sc2ccccc21)N(C)C,284.13472,3,4.2394,0,3,0,6.48,
CHEMBL6437,CN1CCN2c3ccccc3Cc3ccccc3C2C1,264.162649,0,3.0839,0,2,0,6.48,
CHEMBL64391,CCC(C)n1ncn(-c2ccc(N3CCN(c4ccc(OCC5COC(Cn6cncn6)(c6ccc(Cl)cc6Cl)O5)cc4)CC3)cc2)c1=O,704.239307,11,5.5773,0,12,0,104.7,
CHEMBL6466,O=c1ccc2ccccc2o1,146.036779,0,1.793,0,2,0,30.21,
CHEMBL648,CN1CCN(C(c2ccccc2)c2ccccc2)CC1,266.178299,3,3.0234,0,2,0,6.48,
CHEMBL64894,CN(C)c1ccc(C(=C2C=CC(=[N+](C)C)C=C2)c2ccc(N(C)C)cc2)cc1.[Cl-],407.212826,4,1.4636,0,2,0,9.49,
CHEMBL65,CC[C@@]1(O)C(=O)OCc2c1cc1n(c2=O)Cc2cc3ccccc3nc2-1,348.111007,1,2.0796,0,6,1,81.42,
CHEMBL650,C[C@H]1C[C@@H]2[C@H]([C@@H](O)C[C@@]3(C)[C@H]2CC[C@]3(O)C(=O)CO)[C@@]2(C)C=CC(=O)C=C12,374.209324,2,1.8036,0,5,3,94.83,
CHEMBL657,CN(C)CCOC(c1ccccc1)c1ccccc1,255.162314,6,3.3542,0,2,0,12.47,
CHEMBL659,COc1ccc2c3c1O[C@H]1C[C@@H](O)C=C[C@@]31CCN(C)C2,287.152144,1,1.8503,0,4,1,41.93,
CHEMBL660,NC12CC3CC(CC(C3)C1)C2,151.1361,0,1.9139,0,1,1,26.02,
CHEMBL661,Cc1nnc2n1-c1ccc(Cl)cc1C(c1ccccc1)=NC2,308.082874,1,3.58012,0,4,0,43.07,
CHEMBL666,O=C(O)P(=O)(O)O,125.97181,1,-0.1579,0,2,3,94.83,
CHEMBL672,CC(C)OC(=O)C(C)(C)Oc1ccc(C(=O)c2ccc(Cl)cc2)cc1,360.112837,6,4.68,0,4,0,52.6,
CHEMBL679,CNC[C@H](O)c1ccc(O)c(O)c1,183.089543,3,0.3506,0,4,4,72.72,
CHEMBL683,CC(C)(Oc1ccc(Cl)cc1)C(=O)O,214.039672,3,2.582,0,2,1,46.53,
CHEMBL685,COC(=O)Nc1nc2cc(C(=O)c3ccccc3)ccc2[nH]1,295.095691,3,2.9722,0,4,2,84.08,
CHEMBL686,Cc1cccc(Nc2ccccc2C(=O)O)c1C,241.110279,3,3.74524,0,2,2,49.33,
CHEMBL689,OC[C@@H](O)[C@@H](O)[C@H](O)[C@H](O)CO,182.079038,5,-3.5854,0,6,6,121.38,
CHEMBL691,C#C[C@]1(O)CC[C@H]2[C@@H]3CCc4cc(O)ccc4[C@H]3CC[C@@]21C,296.17763,0,3.6126,0,2,2,40.46,
CHEMBL695,CN1C(=O)OC(C)(C)C1=O,143.058243,0,0.3736,0,3,0,46.61,
CHEMBL696,CCC1(C)CC(=O)NC1=O,141.078979,1,0.4492,0,2,1,46.17,
CHEMBL6966,COc1ccc(CCN(C)CCCC(C#N)(c2ccc(OC)c(OC)c2)C(C)C)cc1OC,454.283158,13,5.09308,0,6,0,63.95,
CHEMBL698,CCCCNc1ccc(C(=O)OCCN(C)C)cc1,264.183778,8,2.617,0,4,1,41.57,
CHEMBL7002,CC1(COc2ccc(CC3SC(=O)NC3=O)cc2)CCCCC1,333.139865,5,3.9299,0,4,1,55.4,
CHEMBL701,NCC(CC(=O)O)c1ccc(Cl)cc1,213.055656,4,1.857,0,2,2,63.32,
CHEMBL702,CCN1CCN(C(=O)N[C@@H](C(=O)N[C@@H]2C(=O)N3[C@@H]2SC(C)(C)[C@@H]3C(=O)O)c2ccccc2)C(=O)C1=O,517.163119,6,-0.2403,0,7,3,156.43,
CHEMBL707,COc1cc2nc(N3CCN(C(=O)C4COc5ccccc5O4)CC3)nc(N)c2cc1OC,451.185569,4,1.7178,0,9,1,112.27,
CHEMBL70927,Cc1c(O)c(=O)ccn1C,139.063329,0,0.39932,0,3,1,42.23,
CHEMBL71,CN(C)CCCN1c2ccccc2Sc2ccc(Cl)cc21,318.095747,4,4.8944,0,3,0,6.48,
CHEMBL710,CC(C)(C)NC(=O)[C@H]1CC[C@H]2[C@@H]3CC[C@H]4NC(=O)C=C[C@]4(C)[C@H]3CC[C@]12C,372.277678,1,3.8145,0,2,2,58.2,
CHEMBL711,O=C1c2ccccc2C(=O)C1c1ccccc1,222.06808,1,2.8494,0,2,0,34.14,
CHEMBL712,COc1ccc(C2C(=O)c3ccccc3C2=O)cc1,252.078644,2,2.858,0,3,0,43.37,
CHEMBL714,CC(C)(C)NCC(O)c1ccc(O)c(CO)c1,239.152144,4,1.306,0,4,4,72.72,
CHEMBL715,Cc1cc2c(s1)Nc1ccccc1N=C2N1CCN(C)CC1,312.140868,0,3.43922,0,5,1,30.87,
CHEMBL716,OCCOCCN1CCN(C2=Nc3ccccc3Sc3ccccc32)CC1,383.166748,5,2.856,0,6,1,48.3,
CHEMBL717,CC(=O)O[C@]1(C(C)=O)CC[C@H]2[C@@H]3C[C@H](C)C4=CC(=O)CC[C@]4(C)[C@H]3CC[C@@]21C,386.24571,2,4.6552,0,4,0,60.44,
CHEMBL72,CNCCCN1c2ccccc2CCc2ccccc21,266.178299,4,3.5328,0,2,1,15.27,
CHEMBL720,OCc1ccccc1,108.057515,1,1.1789,0,1,1,20.23,
CHEMBL723,COc1ccccc1OCCNCC(O)COc1cccc2[nH]c3ccccc3c12,406.189257,10,3.738,0,5,3,75.74,
CHEMBL726,OCCN1CCN(CCCN2c3ccccc3Sc3ccc(C(F)(F)F)cc32)CC1,437.174868,6,4.3081,0,5,1,29.95,
CHEMBL727,Nc1nc2[nH]cnc2c(=S)[nH]1,167.026566,0,0.59769,0,4,3,83.38,
CHEMBL728,CN1CCN(CCCN2c3ccccc3Sc3ccc(Cl)cc32)CC1,373.137946,4,4.5802,0,4,0,9.72,
CHEMBL741,Nc1nnc(-c2cccc(Cl)c2Cl)c(N)n1,255.007851,1,2.0098,0,5,2,90.71,
CHEMBL742,CNC1(c2ccccc2Cl)CCCCC1=O,237.092042,2,2.8978,0,2,1,29.1,
CHEMBL744,Nc1nc2ccc(OC(F)(F)F)cc2s1,234.007468,1,2.7771,0,4,1,48.14,
CHEMBL748,C[n+]1ccccc1/C=N/O.[Cl-],172.040341,1,-2.6768,0,2,1,36.47,
CHEMBL75435,C[C@H](C(=O)O)c1cccc(C(=O)c2ccccc2)c1,254.094294,4,3.1057,0,2,1,54.37,
CHEMBL7568,CCN(CC)CCCC(C)Nc1c2ccc(Cl)cc2nc2ccc(OC)cc12,399.20774,9,5.9724,0,4,1,37.39,
CHEMBL757,C[C@]12CC[C@H]3[C@@H](CCC4=CC(=O)CC[C@@H]43)[C@@H]1CC[C@@H]2O,274.19328,0,3.4891,0,2,1,37.3,
CHEMBL75880,C1CCC(C(CC2CCCCN2)C2CCCCC2)CC1,277.27695,4,5.2954,0,1,1,12.03,
CHEMBL762,Cc1cc(C(C)(C)C)c(O)c(C)c1CC1=NCCN1,260.188863,2,2.85074,0,3,2,44.62,
CHEMBL765,N=C(N)NCCN1CCCCCCC1,198.184447,3,0.73557,0,2,3,65.14,
CHEMBL768,COC(=O)CCc1ccc(OCC(O)CNC(C)C)cc1,295.178358,9,1.5299,0,5,2,67.79,
CHEMBL76904,N#CC(C#N)=Cc1ccc(O)c(O)c1,186.042927,1,1.52836,0,4,2,88.04,
CHEMBL772,COC(=O)[C@H]1[C@H]2C[C@@H]3c4[nH]c5cc(OC)ccc5c4CCN3C[C@H]2C[C@@H](OC(=O)c2cc(OC)c(OC)c(OC)c2)[C@@H]1OC,608.273381,8,4.1711,0,10,1,117.78,
CHEMBL773,NCC(=O)O,75.032028,1,-0.9703,0,2,2,63.32,
CHEMBL77675,N=C(Nc1ccccc1)Nc1ccccc1,211.110947,2,3.14537,0,1,3,47.91,
CHEMBL783,CC(C)[C@H]1CC[C@H](C(=O)N[C@H](Cc2ccccc2)C(=O)O)CC1,317.199094,6,3.2609,0,2,2,66.4,
CHEMBL787,CC(C)(O)c1ccccc1CC[C@@H](SCC1(CC(=O)O)CC1)c1cccc(/C=C/c2ccc3ccc(Cl)cc3n2)c1,585.210443,12,8.948,0,4,2,70.42,
CHEMBL788,O=c1[nH]c(=O)n([C@H]2C[C@H](O)[C@@H](CO)O2)cc1I,353.971269,2,-1.2181,0,6,3,104.55,
CHEMBL79,CCN(CC)CC(=O)Nc1c(C)cccc1C,234.173213,5,2.58374,0,2,1,32.34,
CHEMBL799,O=C1CCc2cc(OCCCCc3nnnn3C3CCCCC3)ccc2N1,369.216475,7,3.4647,0,6,1,81.93,
CHEMBL8,O=C(O)c1cn(C2CC2)c2cc(N3CCNCC3)c(F)cc2c1=O,331.13322,3,1.5833,0,5,2,74.57,
CHEMBL80,C=CCN1CC[C@]23c4c5ccc(O)c4O[C@H]2C(=O)CC[C@@]3(O)[C@H]1C5,327.147058,2,1.3014,0,5,2,70.0,
CHEMBL802,Nc1cc(N2CCCCC2)nc(N)[n+]1[O-],209.12766,1,-0.1303,0,5,2,95.11,
CHEMBL803,Nc1ccn([C@@H]2O[C@H](CO)[C@@H](O)[C@@H]2O)c(=O)n1,243.085521,2,-2.563,0,8,4,130.83,
CHEMBL806,CC(C)C(=O)Nc1ccc([N+](=O)[O-])c(C(F)(F)F)c1,276.072177,3,3.2081,0,3,1,72.24,
CHEMBL808,Clc1ccc(COC(Cn2ccnc2)c2ccc(Cl)cc2Cl)cc1,380.024996,6,5.8014,0,3,0,27.05,
CHEMBL809,CN[C@H]1CC[C@@H](c2ccc(Cl)c(Cl)c2)c2ccccc21,305.073805,2,5.1796,0,1,1,12.03,
CHEMBL81,O=C(c1ccc(OCCN2CCCCC2)cc1)c1c(-c2ccc(O)cc2)sc2cc(O)ccc12,473.166079,7,6.0752,0,6,2,70.0,
CHEMBL817,Cc1ccc(S(=O)(=O)NC(=O)NN2CCCCCC2)cc1,311.130363,3,1.77392,0,4,2,78.51,
CHEMBL81977,NC(=O)c1cccc(N)c1,136.063663,1,0.3677,0,2,2,69.11,
CHEMBL820,CS(=O)(=O)OCCCCOS(C)(=O)=O,246.02318,7,-0.281,0,6,0,86.74,
CHEMBL822,CN(C/C=C/C#CC(C)(C)C)Cc1cccc2ccccc12,291.1987,4,4.8773,0,1,0,3.24,
CHEMBL826,CCn1cc(C(=O)O)c(=O)c2cc(F)c(N3CCNCC3)nc21,320.128469,3,0.6633,0,6,2,87.46,
CHEMBL828,c1ccc2c(c1)Nc1ccccc1S2,199.04557,0,3.8948,0,2,1,12.03,
CHEMBL83,CC/C(=C(\c1ccccc1)c1ccc(OCCN(C)C)cc1)c1ccccc1,371.224915,8,5.9961,0,2,0,12.47,
CHEMBL832,O=C1C(CC[S+]([O-])c2ccccc2)C(=O)N(c2ccccc2)N1c1ccccc1,404.119463,6,3.7955,0,3,0,63.68,
CHEMBL833,Clc1ccccc1CN1CCc2sccc2C1,263.053548,2,3.9598,0,2,0,3.24,
CHEMBL83668,Cc1cccc(N(C)C(=S)Oc2ccc3ccccc3c2)c1,307.103085,2,4.94832,0,2,0,12.47,
CHEMBL838,CCOC(=O)[C@H](CCc1ccccc1)N[C@H]1CCc2ccccc2N(CC(=O)O)C1=O,424.199822,9,2.5731,0,5,2,95.94,
CHEMBL84,CC[C@@]1(O)C(=O)OCc2c1cc1n(c2=O)Cc2cc3c(CN(C)C)c(O)ccc3nc2-1,421.163771,3,1.8468,0,8,2,104.89,
CHEMBL841,CN(C)C(=O)C(CCN1CCC(O)(c2ccc(Cl)cc2)CC1)(c1ccccc1)c1ccccc1,476.223056,7,5.088,0,3,1,43.78,
CHEMBL84158,CCN(CC)CCNC(=O)c1cc(S(C)(=O)=O)ccc1OC,328.145678,8,1.1703,0,5,1,75.71,
CHEMBL844,Brc1c(NC2=NCCN2)ccc2nccnc12,291.011957,1,1.7634,0,5,2,62.2,
CHEMBL85,Cc1nc2n(c(=O)c1CCN1CCC(c3noc4cc(F)ccc34)CC1)CCCC2,410.211804,4,3.59042,0,6,0,64.16,
CHEMBL850,C[C@@H]1CN(c2c(F)c(N)c3c(=O)c(C(=O)O)cn(C4CC4)c3c2F)C[C@H](C)N1,392.165997,3,2.0816,0,6,3,100.59,
CHEMBL852,N[C@@H](Cc1ccc(N(CCCl)CCCl)cc1)C(=O)O,304.074533,8,1.925,0,3,2,66.56,
CHEMBL856,CCC1(c2ccccc2)C(=O)NCNC1=O,218.105528,2,0.5379,0,2,2,58.2,
CHEMBL85728,Nc1ccc(Cc2ccc(N)cc2)cc1,198.115698,2,2.4418,0,2,2,52.04,
CHEMBL86,CCN(CC)CCNC(=O)c1cc(Cl)c(N)cc1OC,299.140055,7,2.0024,0,4,2,67.59,
CHEMBL862,N=C(N)NC(=O)Cc1c(Cl)cccc1Cl,245.012267,2,1.54557,0,2,3,78.97,
CHEMBL86304,O=C(NCCN1CCOCC1)c1ccc(Cl)cc1,268.097855,4,1.402,0,3,1,41.57,
CHEMBL865,Cc1onc(-c2ccccc2)c1-c1ccc(S(N)(=O)=O)cc1,314.072513,3,2.96442,0,4,1,86.19,
CHEMBL8659,CCCCCCCC/C=C\CCCCCCCC(=O)O,282.25588,15,6.1085,0,1,1,37.3,
CHEMBL866,COc1c(C)c2c(c(O)c1C/C=C(\C)CCC(=O)O)C(=O)OC2,320.125988,6,2.73322,0,5,2,93.06,
CHEMBL86754,Oc1c(I)cc(I)c2cccnc12,396.84606,0,3.1496,0,2,1,33.12,
CHEMBL870,NCCCC(O)(P(=O)(O)O)P(=O)(O)O,249.016725,5,-1.2732,0,4,6,161.31,
CHEMBL871,CC(O)(P(=O)(O)O)P(=O)(O)O,205.974526,2,-0.9922,0,3,5,135.29,
CHEMBL87285,C[C@]12CC[C@@H](O)C[C@@H]1CC[C@@H]1[C@@H]2CC[C@]2(C)C(=O)CC[C@@H]12,290.22458,0,3.9591,0,2,1,37.3,
CHEMBL877,NC[C@H]1CC[C@H](C(=O)O)CC1,157.110279,2,0.8361,0,2,2,63.32,
CHEMBL878,Cc1ccccc1N1C(=O)c2cc(S(N)(=O)=O)c(Cl)cc2NC1C,365.06009,2,2.71412,0,4,2,92.5,
CHEMBL88,O=P1(N(CCCl)CCCl)NCCCO1,260.02482,5,1.884,0,2,1,41.57,
CHEMBL880,CC(=O)OCC(CCn1cnc2cnc(N)nc21)COC(C)=O,321.143704,7,0.541,0,9,1,122.22,
CHEMBL888,Nc1ccn([C@@H]2O[C@H](CO)[C@@H](O)C2(F)F)c(=O)n1,263.071762,2,-1.2886,0,7,3,110.6,
CHEMBL891,Cc1onc(-c2ccccc2Cl)c1C(=O)N[C@@H]1C(=O)N2[C@@H]1SC(C)(C)[C@@H]2C(=O)O,435.065569,4,2.54872,0,6,2,112.74,
CHEMBL894,CC(NC(C)(C)C)C(=O)c1cccc(Cl)c1,239.107692,3,3.2993,0,2,1,29.1,
CHEMBL895,Oc1ccc2c3c1O[C@H]1[C@@H](O)CC[C@@]4(O)[C@@H](C2)N(CC2CCC2)CC[C@]314,357.194008,2,1.7073,0,5,3,73.16,
CHEMBL897,CCCN(CCC)S(=O)(=O)c1ccc(C(=O)O)cc1,285.103479,7,2.1955,0,3,1,74.68,
CHEMBL898,O=C(O)c1cc(-c2ccc(F)cc2F)ccc1O,250.044151,2,3.0356,0,2,2,57.53,
CHEMBL9,CCn1cc(C(=O)O)c(=O)c2cc(F)c(N3CCNCC3)cc21,319.13322,3,1.2683,0,5,2,74.57,
CHEMBL900,Cc1ccccc1C(OCCN(C)C)c1ccccc1,269.177964,6,3.66262,0,2,0,12.47,
CHEMBL902,NC(N)=Nc1nc(CSCC/C(N)=N/S(N)(=O)=O)cs1,337.044936,7,-0.768,0,6,4,175.83,
CHEMBL90555,CC[C@]1(O)C[C@H]2CN(CCc3c([nH]c4ccccc34)[C@@](C(=O)OC)(c3cc4c(cc3OC)N(C=O)[C@H]3[C@@](O)(C(=O)OC)[C@H](OC(C)=O)[C@]5(CC)C=CCN6CC[C@]43[C@@H]65)C2)C1,824.399644,8,3.5175,0,12,3,171.17,
CHEMBL91,Clc1ccc(COC(Cn2ccnc2)c2ccc(Cl)cc2Cl)c(Cl)c1,413.986024,6,6.4548,0,3,0,27.05,
CHEMBL914,CC(C)(C(=O)O)c1ccc(C(O)CCCN2CCC(C(O)(c3ccccc3)c3ccccc3)CC2)cc1,501.287909,10,5.5105,0,4,3,81.0,
CHEMBL917,O=c1[nH]c(=O)n([C@H]2C[C@H](O)[C@@H](CO)O2)cc1F,246.0652,2,-1.6836,0,6,3,104.55,
CHEMBL918,NC(=O)NC(=O)Cc1ccccc1,178.074228,2,0.424,0,2,2,72.19,
CHEMBL923,O=P(O)(O)C(O)(Cc1cccnc1)P(=O)(O)O,283.001075,4,-0.3744,0,4,5,148.18,
CHEMBL92401,CC(C)NNC(=O)c1ccncc1,179.105862,3,0.7244,0,3,2,54.02,
CHEMBL926,CC(CCc1ccc(O)cc1)NCCc1ccc(O)c(O)c1,301.167794,7,2.9568,0,4,4,72.72,
CHEMBL93,CC(c1cc2ccccc2s1)N(O)C(N)=O,236.061949,2,2.7322,0,3,2,66.56,
CHEMBL932,OCCN(CCO)c1nc(N2CCCCC2)c2nc(N(CCO)CCO)nc(N3CCCCC3)c2n1,504.317252,12,-0.0176,0,12,4,145.44,
CHEMBL934,CC(C)(C(=O)c1cccnc1)c1cccnc1,226.110613,3,2.6371,0,3,0,42.85,
CHEMBL936,OC(CCCN1CCCCC1)(c1ccccc1)c1ccccc1,309.209264,6,4.1886,0,2,1,23.47,
CHEMBL93645,O=C(O)COC(=O)Cc1ccccc1Nc1c(Cl)cccc1Cl,353.022163,6,3.9073,0,4,2,75.63,
CHEMBL94,CNC(=O)Oc1ccc2c(c1)[C@]1(C)CCN(C)[C@@H]1N2C,275.163377,1,1.7739,0,4,1,44.81,
CHEMBL940,NCC1(CC(=O)O)CCCCC1,171.125929,3,1.3703,0,2,2,63.32,
CHEMBL941,Cc1ccc(NC(=O)c2ccc(CN3CCN(C)CC3)cc2)cc1Nc1nccc(-c2cccnc2)n1,493.259009,7,4.59032,0,7,2,86.28,
CHEMBL9419,CC(=O)Nc1cccc(O)c1,151.063329,1,1.3506,0,2,2,49.33,
CHEMBL942,CC(=O)Oc1ccc(C(c2ccc(OC(C)=O)cc2)c2ccccn2)cc1,361.131408,5,4.1124,0,5,0,65.49,
CHEMBL945,N=C(N)NC(=O)c1nc(Cl)c(N)nc1N,229.047886,1,-1.08233,0,6,5,156.79,
CHEMBL95,Nc1c2c(nc3ccccc13)CCCC2,198.115698,0,2.6958,0,2,1,38.91,
CHEMBL9514,COC(=O)Nc1nc2cc(C(=O)c3cccs3)ccc2[nH]1,301.052112,3,3.0337,0,5,2,84.08,
CHEMBL954,CCN(CC)CCOc1ccc(/C(=C(/Cl)c2ccccc2)c2ccccc2)cc1,405.185942,9,6.5626,0,2,0,12.47,
CHEMBL95764,O=C(O)CNCP(=O)(O)O,169.014009,4,-1.2042,0,3,4,106.86,
CHEMBL959,CC(N)C12CC3CC(CC(C3)C1)C2,179.1674,1,2.55,0,1,1,26.02,
CHEMBL960,Cc1oncc1C(=O)Nc1ccc(C(F)(F)F)cc1,270.061612,2,3.25412,0,3,1,55.13,
CHEMBL964,CCN(CC)C(=S)SSC(=S)N(CC)CC,296.050933,4,3.6212,0,4,0,6.48,
CHEMBL972,C#CCN(C)[C@H](C)Cc1ccccc1,187.1361,4,2.1826,0,1,0,3.24,
CHEMBL975,O=S(=O)([O-])CCS.[Na+],163.95778,2,-3.5346,0,4,1,57.2,
CHEMBL976,O=C(C1CCCCC1)N1CC(=O)N2CCc3ccccc3C2C1,312.183778,1,2.5349,0,2,0,40.62,
CHEMBL980,COc1ccccc1OCC(O)CO,198.089209,5,0.4272,0,4,2,58.92,
CHEMBL983,C[N+](C)(C)CCOC(=O)CCC(=O)OCC[N+](C)(C)C.[Cl-].[Cl-],360.158263,9,-5.7266,0,4,0,52.6,
CHEMBL98350,O=c1cc(N2CCOCC2)oc2c(-c3ccccc3)cccc12,307.120843,2,3.2966,0,4,0,42.68,
CHEMBL989,CC1(C)O[C@@H]2C[C@H]3[C@@H]4C[C@H](F)C5=CC(=O)C=C[C@]5(C)[C@@]4(F)[C@@H](O)C[C@]3(C)[C@]2(C(=O)CO)O1,452.201045,2,2.3668,0,6,2,93.06,
CHEMBL990,CN(Cc1ccc(C(C)(C)C)cc1)Cc1cccc2ccccc12,317.21435,4,5.7693,0,1,0,3.24,
CHEMBL991,Cc1cn([C@H]2C=C[C@@H](CO)O2)c(=O)[nH]c1=O,224.079707,2,-0.70908,0,5,2,84.32,
CHEMBL998,CCOC(=O)N1CCC(=C2c3ccc(Cl)cc3CCc3cccnc32)CC1,382.144806,1,4.8878,0,3,0,42.43,
